RegionCode,SubRegion,SiteName,Latitude,Longitude,Depth ,Location,InstrumentType,ProjectCode,Tag #,Fate,Deployment,Recovery,Duration,Species,BlockDimensions,PreWeightBlock,PreWeightEpoxied,PreVolume,PreRWDensity,PreCTDensity,PostWeightDirty,PostWeightClean,PostVolume,PostCTDensity,PostCTMacroboring,PostCTMacroboringRate,PostCTGrazing,PostCTGrazingRate,PostCTAccretion ,PostCTAccretionRate,Notes
FGB,east,East Buoy 3,27.9074,-93.59925,20,FGB_east_20,BMU,NCRMP,1201,SUCCESSFULLY RECOVERED,6/3/19,10/5/22,3.342465753,O. faveolata,5x2x1,13.0789,28.7365,10.34915543,1.26376496,1.311196658,25.2744,23.4531,5.283479691,1.41992808,0.015037537,0.004498935,5.050638202,1.511051593,0.533231735,0.159532445,
FGB,east,East Buoy 3,27.9074,-93.59925,20,FGB_east_20,BMU,NCRMP,1202,SUCCESSFULLY RECOVERED,6/3/19,10/5/22,3.342465753,O. faveolata,5x2x1,12.2745,27.6067,10.57705307,1.160483919,1.203607848,23.3281,18.0448,1.604621887,1.54298094,0.005518913,0.00165115,8.96691227,2.682723753,0.25280571,0.075634495,
FGB,east,East Buoy 3,27.9074,-93.59925,20,FGB_east_20,BMU,NCRMP,1203,SUCCESSFULLY RECOVERED,6/3/19,10/5/22,3.342465753,O. faveolata,5x2x1,11.6559,27.0774,9.844007492,1.184060456,1.233429794,20.6645,18.1886,1.850646973,1.65399478,0.008797646,0.002632082,7.984562873,2.388824138,0.091100693,0.027255535,
FGB,east,East Buoy 3,27.9074,-93.59925,20,FGB_east_20,BMU,NCRMP,1204,SUCCESSFULLY RECOVERED,6/3/19,10/5/22,3.342465753,O. faveolata,5x2x1,14.3838,29.8939,10.89072132,1.320738965,1.36246302,24.8502,21.5803,3.72731781,1.58515139,0.033559799,0.010040432,7.129843711,2.133108979,0.103408814,0.030937883,
FGB,east,East Buoy 3,27.9074,-93.59925,20,FGB_east_20,BMU,NCRMP,1205,SUCCESSFULLY RECOVERED,6/3/19,10/5/22,3.342465753,O. faveolata,5x2x1,13.3572,28.7508,10.81167126,1.235442669,1.275586041,20.9437,18.9239,4.864943504,1.102306454,0.009750366,0.002917118,5.93697739,1.776226842,0.140479088,0.04202858,
FGB,east,East Buoy 3,27.9074,-93.59925,20.4,FGB_east_20,BMU,NCRMP,1206,Base Only,6/3/19,10/5/22,3.342465753,O. faveolata,5x2x1,12.0603,27.761,10.26217461,1.175218748,1.206084294,NA,NA,NA,NA,NA,NA,NA,NA,NA,NA,
FGB,east,East Buoy 3,27.9074,-93.59925,20.4,FGB_east_20,BMU,NCRMP,1207,SUCCESSFULLY RECOVERED,6/3/19,10/5/22,3.342465753,O. faveolata,5x2x1,11.5561,26.9258,10.15971851,1.137442931,1.165814428,22.8865,19.76,5.552790642,1.138217,0.094576836,0.028295529,4.512351032,1.350006661,0.373286247,0.111679902,
FGB,east,East Buoy 3,27.9074,-93.59925,20.7,FGB_east_20,BMU,NCRMP,1208,SUCCESSFULLY RECOVERED,6/3/19,10/5/22,3.342465753,O. faveolata,5x2x1,12.2,27.6898,9.98482132,1.221854614,1.253892236,23.0996,20.5207,3.424678802,1.57234818,0.01924324,0.005757199,6.540899278,1.95690839,0.165447235,0.049498558,
FGB,east,East Buoy 3,27.9074,-93.59925,21,FGB_east_20,BMU,NCRMP,1209,SUCCESSFULLY RECOVERED,6/3/19,10/5/22,3.342465753,O. faveolata,5x2x1,15.8151,31.705,11.64464951,1.358143067,1.40305007,30.8022,28.0779,7.524321556,1.56064621,0.081539154,0.024394911,4.0387888,1.208326157,0.529506683,0.158417983,
FGB,east,East Buoy 3,27.9074,-93.59925,20.1,FGB_east_20,BMU,NCRMP,1210,Base Only,6/3/19,10/5/22,3.342465753,O. faveolata,5x2x1,11.8812,27.4602,10.02978802,1.184591337,1.223647616,24.1533,21.8192,4.372077942,1.48901955,0.015981674,0.004781403,5.641728404,1.687894154,0.307840347,0.092099776,
PR,south,La Parguera,17.95355,-67.05065,15,PR_south_15a,BMU,NCRMP,1301,SUCCESSFULLY RECOVERED,6/21/17,9/2/21,4.202739726,O. faveolata,5x2x1,14.3574,29.4787,10.91532898,1.315342856,1.300062112,21.6205,18.9672,2.658905983,1.45657172,0.175163269,0.041678353,8.081259728,1.92285515,0.283352852,0.067420985,
PR,south,La Parguera,17.95355,-67.05065,15,PR_south_15a,BMU,NCRMP,1302,SUCCESSFULLY RECOVERED,6/21/17,9/2/21,4.202739726,O. faveolata,5x2x1,16.6547,31.7469,11.54352379,1.442774347,1.428789304,26.4588,24.6603,5.935947418,1.67810786,0.404442787,0.096233127,5.203133585,1.238033741,0.302038193,0.071866975,
PR,south,La Parguera,17.95355,-67.05065,15,PR_south_15a,BMU,NCRMP,1303,Not Recovered,6/21/17,not recovered,NA,O. faveolata,5x2x1,18.1773,33.4368,12.03155708,1.510801958,1.49697752,NA,NA,NA,NA,NA,NA,NA,NA,NA,NA,
PR,south,La Parguera,17.95355,-67.05065,15,PR_south_15a,BMU,NCRMP,1304,SUCCESSFULLY RECOVERED,6/21/17,9/2/21,4.202739726,O. faveolata,5x2x1,20.2022,35.2716,11.41065788,1.770467594,1.73535752,28.4294,25.6953,6.464784622,1.5580118,2.076046944,0.493974664,2.869826314,0.682846548,0.477441788,0.113602511,
PR,south,La Parguera,17.95355,-67.05065,15,PR_south_15a,BMU,NCRMP,1305,SUCCESSFULLY RECOVERED,6/21/17,9/2/21,4.202739726,O. faveolata,5x2x1,17.7772,33.1457,12.34925938,1.439535721,1.420960744,33.7897,31.8736,10.30743313,1.54290419,1.159649849,0.275927115,0.882176401,0.209905076,0.64223671,0.152813819,
PR,south,Jobos Bay,17.91047,-66.23161,19.8,PR_south_15b,BMU,NCRMP,1306,SUCCESSFULLY RECOVERED,6/16/17,11/22/21,4.438356164,O. faveolata,5x2x1,17.3523,32.4517,10.88874722,1.593599305,1.57138376,35.3528,31.3084,9.441761971,1.64697592,1.534300804,0.345691231,-0.087315555,-0.019672949,0.989284515,0.222894351,
PR,south,Jobos Bay,17.91047,-66.23161,19.8,PR_south_15b,BMU,NCRMP,1307,SUCCESSFULLY RECOVERED,6/16/17,11/22/21,4.438356164,O. faveolata,5x2x1,16.4797,31.6937,11.86518288,1.388912431,1.36991724,33.546,28.6574,8.928228378,1.44755957,2.611810684,0.588463518,0.325143818,0.073257712,0.940120697,0.211817318,
PR,south,Jobos Bay,17.91047,-66.23161,19.8,PR_south_15b,BMU,NCRMP,1308,SUCCESSFULLY RECOVERED,6/16/17,11/22/21,4.438356164,O. faveolata,5x2x1,14.8942,30.1949,11.26841068,1.321765813,1.314364208,31.7748,30.44,11.03434181,1.41859371,0.116163254,0.026172585,0.117905616,0.026565154,0.260727882,0.058744245,
PR,south,Jobos Bay,17.91047,-66.23161,19.8,PR_south_15b,BMU,NCRMP,1309,SUCCESSFULLY RECOVERED,6/16/17,11/22/21,4.438356164,O. faveolata,5x2x1,13.9787,29.0829,10.86835384,1.286183741,1.276784376,38.4064,33.6442,9.497654915,1.39977519,0.460455895,0.103744692,0.91024303,0.205085621,0.539299965,0.121508943,
PR,south,Jobos Bay,17.91047,-66.23161,19.8,PR_south_15b,BMU,NCRMP,1310,SUCCESSFULLY RECOVERED,6/16/17,11/22/21,4.438356164,O. faveolata,5x2x1,21.3285,36.4824,12.98166847,1.642970628,1.63744352,37.8314,34.8481,10.91584396,1.64018095,1.595935822,0.359578133,0.469888688,0.105869982,1.389710426,0.313113769,
PR,north,Arecibo,18.48227,-66.72124,19.9,PR_north_15,BMU,NCRMP,1311,Not Recovered,6/17/17,not recovered,NA,O. faveolata,5x2x1,10.3318,25.5054,9.885755539,1.045119916,1.03951636,NA,NA,NA,NA,NA,NA,NA,NA,NA,NA,
PR,north,Arecibo,18.48227,-66.72124,19.9,PR_north_15,BMU,NCRMP,1312,SUCCESSFULLY RECOVERED,6/17/17,5/20/22,4.926027397,O. faveolata,5x2x1,9.3714,24.8259,9.446285248,0.992072519,0.983540944,27.1771,23.5882,6.017469406,1.265400359,0.074355125,0.015094339,3.354460717,0.680966719,1.398962975,0.283994152,
PR,north,Arecibo,18.48227,-66.72124,19.9,PR_north_15,BMU,NCRMP,1313,SUCCESSFULLY RECOVERED,6/17/17,5/20/22,4.926027397,O. faveolata,5x2x1,9.7668,25.2374,9.641841888,1.012959984,1.00353164,41.6391,26.195,7.755000114,1.146065269,0.564019203,0.11449778,1.322822571,0.268537396,2.407756805,0.488782666,
PR,north,Arecibo,18.48227,-66.72124,19.9,PR_north_15,BMU,NCRMP,1314,SUCCESSFULLY RECOVERED,6/17/17,5/20/22,4.926027397,O. faveolata,5x2x1,17.6722,33.2186,11.37276363,1.553905504,1.5452012,37.8651,34.7347,10.34241772,1.63738983,0.916354179,0.186022956,0.113991731,0.023140702,2.306004524,0.468126614,
PR,north,Arecibo,18.48227,-66.72124,19.9,PR_north_15,BMU,NCRMP,1315,SUCCESSFULLY RECOVERED,6/17/17,5/20/22,4.926027397,O. faveolata,5x2x1,13.965,29.0164,11.1169796,1.256186527,1.24504204,31.0997,24.4489,6.104261398,1.35825825,0.29045105,0.058962532,4.722267152,0.95863599,1.254501343,0.254667959,
PR,west,Rincon,18.34435,-67.269233,20.2,PR_west_15,BMU,NCRMP,1316,SUCCESSFULLY RECOVERED,6/18/17,10/8/21,4.309589041,O. faveolata,5x2x1,15.412,30.8248,11.58983803,1.329785624,1.317313424,29.3292,27.5367,7.950779915,1.47898305,0.172270775,0.039973829,3.46678734,0.804435715,0.32183075,0.074677828,
PR,west,Rincon,18.34435,-67.269233,20.2,PR_west_15,BMU,NCRMP,1317,SUCCESSFULLY RECOVERED,6/18/17,10/8/21,4.309589041,O. faveolata,5x2x1,14.5224,29.6413,11.94976902,1.215287088,1.20840552,29.2235,27.0528,8.510696411,1.323921927,1.014750481,0.235463398,2.424322128,0.562541371,0.502212524,0.116533739,
PR,west,Rincon,18.34435,-67.269233,20.2,PR_west_15,BMU,NCRMP,1318,SUCCESSFULLY RECOVERED,6/18/17,10/8/21,4.309589041,O. faveolata,5x2x1,16.6875,31.8431,11.00952816,1.515732533,1.50400104,36.9986,32.8752,10.15915203,1.61958918,0.178510666,0.041421737,0.671865464,0.155900124,0.825330734,0.19151031,
PR,west,Rincon,18.34435,-67.269233,20.2,PR_west_15,BMU,NCRMP,1319,SUCCESSFULLY RECOVERED,6/18/17,10/8/21,4.309589041,O. faveolata,5x2x1,9.3096,24.658,9.553453445,0.974474838,0.955063232,26.5918,24.3675,8.741958618,1.100371726,0.442079544,0.102580441,0.369415283,0.085719376,0.275954247,0.064032613,
PR,west,Rincon,18.34435,-67.269233,20.2,PR_west_15,BMU,NCRMP,1320,SUCCESSFULLY RECOVERED,6/18/17,10/8/21,4.309589041,O. faveolata,5x2x1,15.5703,30.8321,11.3413496,1.372878938,1.36288696,31.362,28.3641,8.811936378,1.45579366,1.951146126,0.452745287,0.578267096,0.134181494,0.230790138,0.053552702,
PR,east,Culebra,18.33066,-65.33373,18.6,PR_east_15a,BMU,NCRMP,1321,SUCCESSFULLY RECOVERED,8/11/17,5/7/22,4.739726027,O. faveolata,5x2x1,15.9675,32.1842,NA,NA,NA,34.0165,31.3189,8.034954071,1.5881456,0.646528244,0.136406248,NA,NA,1.695173264,0.357652163,Prescan Blocks not CT'd
PR,east,Culebra,18.33066,-65.33373,18.6,PR_east_15a,BMU,NCRMP,1322,SUCCESSFULLY RECOVERED,8/11/17,5/7/22,4.739726027,O. faveolata,5x2x1,13.1713,29.3998,NA,NA,NA,28.0488,26.2123,6.675550461,1.40976705,0.529326439,0.1116787,NA,NA,1.026320457,0.216535819,Prescan Blocks not CT'd
PR,east,Culebra,18.33066,-65.33373,18.6,PR_east_15a,BMU,NCRMP,1323,SUCCESSFULLY RECOVERED,8/11/17,5/7/22,4.739726027,O. faveolata,5x2x1,16.269,32.0468,NA,NA,NA,31.3996,29.0516,7.569228172,1.66443041,0.693992615,0.146420407,NA,NA,0.563178062,0.118820805,Prescan Blocks not CT'd
PR,east,Culebra,18.33066,-65.33373,18.6,PR_east_15a,BMU,NCRMP,1324,SUCCESSFULLY RECOVERED,8/11/17,5/7/22,4.739726027,O. faveolata,5x2x1,14.0429,29.9691,NA,NA,NA,22.2661,19.1555,1.990190506,1.4378388,0.201418877,0.04249589,NA,NA,0.480600357,0.101398341,Prescan Blocks not CT'd
PR,east,Culebra,18.33066,-65.33373,18.6,PR_east_15a,BMU,NCRMP,1325,SUCCESSFULLY RECOVERED,8/11/17,5/7/22,4.739726027,O. faveolata,5x2x1,14.5984,30.4244,NA,NA,NA,32.6914,29.969,8.76839447,1.47622596,0.389087677,0.082090753,NA,NA,1.036851883,0.218757767,Prescan Blocks not CT'd
DT,west,Transect 1,24.61123,-82.87045,13.7,DT_west_15,BMU,NCRMP,1691,SUCCESSFULLY RECOVERED,7/11/18,6/26/21,2.961643836,O. faveolata,5x2x1,18.6429,34.1218,12.40681744,1.502633539,1.50389412,37.1311,35.1066,11.75428104,1.58847374,0.108395577,0.036599802,0.544140823,0.183729325,0.579717636,0.195741848,
DT,west,Transect 2,24.61123,-82.87045,13.4,DT_west_15,BMU,NCRMP,1692,SUCCESSFULLY RECOVERED,7/11/18,6/26/21,2.961643836,O. faveolata,5x2x1,12.8424,27.4023,10.97795105,1.169835786,1.174109427,23.6904,20.9596,4.59897995,1.183569436,1.429681778,0.482732515,4.949289322,1.671129142,0.857405663,0.2895033,
DT,west,Transect 3,24.61123,-82.87045,13.7,DT_west_15,BMU,NCRMP,1693,SUCCESSFULLY RECOVERED,7/11/18,6/26/21,2.961643836,O. faveolata,5x2x1,17.1793,32.6085,12.18533134,1.409834458,1.41445862,36.9791,33.6862,11.73780155,1.49999766,0.095967293,0.032403387,0.351562497,0.118705191,0.49034214,0.165564182,
DT,west,Transect 4,24.61123,-82.87045,13.7,DT_west_15,BMU,NCRMP,1694,SUCCESSFULLY RECOVERED,7/11/18,6/26/21,2.961643836,O. faveolata,5x2x1,15.0899,30.1793,11.89688015,1.268391361,1.258085837,35.4799,28.5352,9.740538597,1.327038118,0.501731873,0.169409929,1.65460968,0.558679494,0.310063362,0.104692995,
DT,west,Transect 5,24.61123,-82.87045,13.1,DT_west_15,BMU,NCRMP,1695,SUCCESSFULLY RECOVERED,7/11/18,6/26/21,2.961643836,O. faveolata,5x2x1,9.9111,25.1842,10.00590134,0.990525457,0.992386277,24.5264,22.179,5.822813988,1.102712086,0.002695084,0.000909996,4.180392268,1.411510803,0.44869709,0.151502718,
FGB,east,East Buoy 3,27.9074,-93.59925,20,FGB_east_20,BMU,NCRMP,1696,SUCCESSFULLY RECOVERED,6/3/19,10/5/22,3.342465753,O. faveolata,5x2x1,15.1872,30.9807,11.35967445,1.336939722,1.35075106,31.7624,28.2402,7.628520012,1.47359652,0.331254959,0.099104967,3.399899479,1.017183041,0.697185516,0.208584191,
FGB,east,East Buoy 3,27.9074,-93.59925,20,FGB_east_20,BMU,NCRMP,1697,Base Only,6/3/19,10/5/22,3.342465753,O. faveolata,5x2x1,12.13,27.7422,10.76281643,1.12702842,1.130653924,NA,NA,NA,NA,NA,NA,NA,NA,NA,NA,
STX,south,South,17.70121,-64.64793,15,STX_south_15,BMU,NCRMP,6455 (IS BMU TAGGED 1698 FROM FGB 2019 TRIP THAT WAS NOT DEPLOYED),SUCCESSFULLY RECOVERED,9/10/19,9/8/22,2.997260274,O. faveolata,5x2x1,14.1152,30.0979,10.83542061,1.302690547,1.310063273,34.1612,31.6653,9.332473755,1.44596582,0.557581902,0.186030525,0.945364953,0.315409697,1.815353394,0.605670922,
FGB,east,East Buoy 3,27.9074,-93.59925,20,FGB_east_20,BMU,NCRMP,1699,SUCCESSFULLY RECOVERED,6/3/19,10/5/22,3.342465753,O. faveolata,5x2x1,16.0642,31.7646,10.95742035,1.466056744,1.47233343,29.6176,26.4991,5.915210724,1.64037481,0.00260067,0.000778069,5.039608956,1.50775186,0.618461609,0.185031547,
FGB,east,East Buoy 3,27.9074,-93.59925,20,FGB_east_20,BMU,NCRMP,1700,Not Recovered,6/3/19,not recovered,NA,O. faveolata,5x2x1,13.1415,28.995,10.66319275,1.232416998,1.228100812,NA,NA,NA,NA,NA,NA,NA,NA,NA,NA,
FLK,lower,LKO1,24.52202,-81.57709,5,FLK_lower_5,BMU,BMUQuest,3581,SUCCESSFULLY RECOVERED,4/19/16,10/18/22,6.501369863,O. faveolata,5x2x1,14.1761,31.5118,10.48926544,1.351486439,1.36656807,47.5558,42.2013,8.278678894,1.5413123,0.421952248,0.064902052,1.788634298,0.275116527,7.114617348,1.094325888,
FLK,upper,UKI1 (Cheeca),24.89742,-80.61573,4,FLK_upper_4,BMU,BMUQuest,3582,SUCCESSFULLY RECOVERED,4/27/16,1/7/20,3.698630137,O. faveolata,5x2x1,14.8058,32.9419,10.95292282,1.351767035,1.36515036,35.5626,34.0883,9.926653862,1.50296691,0.022753716,0.00615193,1.003515242,0.271320788,1.050722122,0.284084129,
FLK,upper,UKO3,24.88266,-80.56088,13,FLK_upper_13,BMU,BMUQuest,3583,SUCCESSFULLY RECOVERED,4/27/16,1/7/20,3.698630137,O. faveolata,5x2x1,19.9996,37.0612,11.9267149,1.676874158,1.68466396,39.2346,38.2877,10.49439812,1.77488051,0.195599556,0.052884324,1.236717224,0.334371694,1.594133377,0.431006432,
FLK,lower,LKI2,24.57899,-81.49734,6.5,FLK_lower_8,BMU,BMUQuest,3584,SUCCESSFULLY RECOVERED,4/19/16,10/18/22,6.501369863,O. faveolata,5x2x1,17.2898,34.6655,11.60950184,1.489280095,1.50189053,41.4307,37.4618,9.321126938,1.56658615,0.871361733,0.134027405,1.41701317,0.217956092,3.325767517,0.511548733,
FLK,lower,LKO2,24.55326,-81.43753,7,FLK_lower_7,BMU,BMUQuest,3585,SUCCESSFULLY RECOVERED,4/19/16,3/6/20,3.882191781,O. faveolata,5x2x1,12.6551,29.7335,11.09343624,1.140773672,1.156643789,32.985,34.5165,13.73830891,1.193756263,0.046374321,0.011945397,-2.691246991,-0.693228759,3.358657837,0.86514475,
FLK,upper,UKO1,24.9025,-80.53104,6.5,FLK_upper_14,BMU,BMUQuest,3586,Not Recovered,4/19/16,not recovered,NA,O. faveolata,5x2x1,12.0719,29.8163,11.09545326,1.088004223,1.106264082,NA,NA,NA,NA,NA,NA,NA,NA,NA,NA,
FLK,upper,UKI2,24.95375,-80.54806,3,FLK_upper_3,BMU,BMUQuest,3587,SUCCESSFULLY RECOVERED,4/27/16,1/7/20,3.698630137,O. faveolata,5x2x1,13.2635,30.7634,11.19888783,1.184358679,1.199121189,26.1307,25.3031,5.597233772,1.3693607,0.849715233,0.229737822,4.751938825,1.28478346,0.132213593,0.035746638,
FLK,upper,UKO3,24.88266,-80.56088,13,FLK_upper_13,BMU,BMUQuest,3588,SUCCESSFULLY RECOVERED,4/20/16,1/7/20,3.717808219,O. faveolata,5x2x1,14.6555,32.5457,11.4311285,1.282069395,1.316925715,33.0033,32.1648,9.272872925,1.42903031,0.372239113,0.100123269,1.786016462,0.480394995,0.972719193,0.261637808,
FLK,middle,MKO2,24.63388,-81.08344,5,FLK_middle_5,BMU,BMUQuest,3589,SUCCESSFULLY RECOVERED,4/20/16,1/25/20,3.767123288,O. faveolata,5x2x1,16.9865,33.9282,11.17518139,1.52002007,1.49056873,39.1697,37.7294,10.49145412,1.59194874,0.054717064,0.014524893,0.629010206,0.166973618,2.256660461,0.599040777,
FLK,upper,UKO1,24.9025,-80.53104,14,FLK_upper_14,BMU,BMUQuest,3590,SUCCESSFULLY RECOVERED,4/20/16,1/7/20,3.717808219,O. faveolata,5x2x1,15.6629,32.9268,11.53078651,1.358354869,1.35583385,36.12,35.0631,9.253458023,1.46809622,0.304621697,0.081935828,1.972706791,0.530610154,2.359176636,0.634561144,
FLK,middle,MKO2,24.63388,-81.08344,5,FLK_middle_5,BMU,BMUQuest,3591,Not Recovered,4/20/16,not recovered,NA,O. faveolata,5x2x1,17.1301,34.1425,10.90049744,1.571497089,1.55521835,NA,NA,NA,NA,NA,NA,NA,NA,NA,NA,
FLK,middle,MKO2,24.63388,-81.08344,5,FLK_middle_5,BMU,BMUQuest,3592,SUCCESSFULLY RECOVERED,4/20/16,1/25/20,3.767123288,O. faveolata,5x2x1,16.155,33.9222,11.16076183,1.447481834,1.45702872,39.6066,38.0368,10.06985378,1.57906245,0.037284851,0.009897433,1.053623199,0.279689067,2.817975998,0.748044538,
FLK,middle,MKO1,24.63127,-81.09255,6,FLK_middle_6,BMU,BMUQuest,3593,SUCCESSFULLY RECOVERED,4/20/16,1/25/20,3.767123288,O. faveolata,5x2x1,16.2559,33.8771,11.85775852,1.370908336,1.38857733,42.5281,41.3105,10.90095234,1.51844916,0.14658165,0.038910765,0.81022453,0.215077784,4.34292984,1.152850467,
FLK,upper,UKO3,24.88266,-80.56088,6.5,FLK_upper_13,BMU,BMUQuest,3594,SUCCESSFULLY RECOVERED,4/19/16,1/7/20,3.720547945,O. faveolata,5x2x1,16.8901,34.8306,11.97926044,1.409945137,1.41645581,30.2548,29.5014,7.263988495,1.53720341,1.393220901,0.37446659,3.322051044,0.892892954,0.466000557,0.125250518,
FLK,upper,UKI1 (Cheeca),24.89742,-80.61573,4,FLK_upper_4,BMU,BMUQuest,3595,SUCCESSFULLY RECOVERED,4/27/16,1/7/20,3.698630137,O. faveolata,5x2x1,17.4654,34.2129,11.48115921,1.521222699,1.49455005,40.2925,38.4877,10.31791306,1.58788097,0.062244415,0.016829046,1.101001735,0.297678247,2.915908813,0.788375346,
FLK,upper,UKO1,24.9025,-80.53104,14,FLK_upper_14,BMU,BMUQuest,3596,SUCCESSFULLY RECOVERED,4/27/16,1/7/20,3.698630137,O. faveolata,5x2x1,17.4956,33.694,11.61603355,1.506159562,1.48051344,33.6833,32.8059,7.876605034,1.613352,0.114274979,0.030896568,3.625153537,0.980134105,1.804186821,0.487798659,
FLK,upper,UKO1,24.9025,-80.53104,14,FLK_upper_14,BMU,BMUQuest,3597,SUCCESSFULLY RECOVERED,4/27/16,1/7/20,3.698630137,O. faveolata,5x2x1,16.0479,32.6794,10.43964672,1.53720719,1.52633327,34.9562,34.1729,8.411870956,1.64222997,0.153345108,0.041459974,1.874430656,0.506790511,2.040813446,0.551775487,
FLK,upper,UKI1 (Cheeca),24.89742,-80.61573,4,FLK_upper_4,BMU,BMUQuest,3598,SUCCESSFULLY RECOVERED,4/27/16,1/7/20,3.698630137,O. faveolata,5x2x1,17.3463,34.6678,11.9494257,1.451642986,1.47844522,38.2489,37.3377,9.916028023,1.62369612,0.244866371,0.066204611,1.788531306,0.483565872,2.559110641,0.691907692,
FLK,upper,UKI2,24.95375,-80.54806,3,FLK_upper_3,BMU,BMUQuest,3599,SUCCESSFULLY RECOVERED,4/27/16,1/7/20,3.698630137,O. faveolata,5x2x1,17.792,35.3213,11.49112415,1.548325453,1.53462869,33.2132,32.4191,8.540745735,1.64783711,0.23255825,0.06287686,2.717820165,0.734818045,0.423780441,0.114577675,
FLK,lower,LKI1 (Jaap),24.5859,-81.58272,3,FLK_lower_3,BMU,BMUQuest,3600,SUCCESSFULLY RECOVERED,4/19/16,10/18/22,6.501369863,O. faveolata,5x2x1,15.5829,32.4575,11.24147701,1.386196848,1.3636413,47.8279,40.8045,9.636760712,1.44147693,0.176150322,0.027094339,1.428565976,0.219733073,6.952749252,1.069428351,
FLK,lower,LKO2,24.55326,-81.43753,7,FLK_lower_7,BMU,BMUQuest,3701,SUCCESSFULLY RECOVERED,4/19/16,3/6/20,3.882191781,O. faveolata,5x2x1,15.1259,32.5864,10.30862617,1.467305124,1.45399261,32.163,31.4127,7.485955238,1.4323274,2.451908112,0.631578307,0.37076282,0.095503479,1.873864174,0.482682021,
FLK,middle,MKI2 (Dustan Rocks),24.68988,-81.0294,5,FLK_middle_1b,BMU,BMUQuest,3702,SUCCESSFULLY RECOVERED,4/20/16,1/25/20,3.767123288,O. faveolata,5x2x1,15.0779,32.568,10.2298851,1.473907073,1.47424557,23.6809,22.9211,3.321407318,1.52145713,0.683907509,0.181546357,6.224570273,1.652340472,0.236291885,0.062724755,
FLK,middle,MKI2 (Dustan Rocks),24.68988,-81.0294,5,FLK_middle_1b,BMU,BMUQuest,3703,SUCCESSFULLY RECOVERED,4/20/16,1/25/20,3.767123288,O. faveolata,5x2x1,12.6485,29.7994,10.50635433,1.203890484,1.193003966,25.3156,24.5745,5.689433098,1.307170403,0.492247582,0.130669358,4.324673651,1.148004278,0.403069496,0.10699663,
FLK,upper,UKO3,24.88266,-80.56088,13,FLK_upper_13,BMU,BMUQuest,3704,Base Only,4/27/16,1/7/20,3.698630137,O. faveolata,5x2x1,9.7541,27.545,9.247964859,1.054729354,1.024674777,NA,NA,NA,NA,NA,NA,NA,NA,NA,NA,
FLK,upper,UKO1,24.9025,-80.53104,14,FLK_upper_14,BMU,BMUQuest,3705,SUCCESSFULLY RECOVERED,4/27/16,1/7/20,3.698630137,O. faveolata,5x2x1,21.4653,38.6401,11.93262005,1.798875679,1.74927032,42.9302,41.8686,11.34988976,1.69933758,0.443444252,0.119894187,0.139286038,0.037658818,2.906973839,0.785959594,
FLK,lower,LKI1 (Jaap),24.5859,-81.58272,3,FLK_lower_3,BMU,BMUQuest,3706,SUCCESSFULLY RECOVERED,4/19/16,10/18/22,6.501369863,O. faveolata,5x2x1,13.1833,30.4102,9.708832741,1.35786663,1.35050174,42.9391,39.0982,7.256237984,1.36538973,0.203719139,0.031334802,2.248875618,0.345907965,8.079242706,1.24269852,
FLK,lower,LKI2,24.57899,-81.49734,6.5,FLK_lower_8,BMU,BMUQuest,3707,SUCCESSFULLY RECOVERED,4/19/16,10/18/22,6.501369863,O. faveolata,5x2x1,9.9964,26.2985,8.293107033,1.205386589,1.150381302,28.9369,22.6673,2.425909996,1.35598317,0.808782578,0.124401871,5.05841446,0.778053636,1.913157463,0.294269901,
FLK,lower,LKO1,24.52202,-81.57709,5,FLK_lower_5,BMU,BMUQuest,3708,SUCCESSFULLY RECOVERED,4/19/16,10/18/22,6.501369863,O. faveolata,5x2x1,9.8622,26.6086,8.777647018,1.123558509,1.085379652,22.6758,19.7123,0.342782021,1.47453265,0.00671196,0.001032392,8.428153038,1.296365722,1.15722084,0.177996463,
FLK,lower,LKO2,24.55326,-81.43753,7,FLK_lower_7,BMU,BMUQuest,3709,SUCCESSFULLY RECOVERED,4/19/16,3/6/20,3.882191781,O. faveolata,5x2x1,11.6604,28.4425,9.824317932,1.186891556,1.168784414,27.146,25.8504,4.563282967,1.37991224,0.54747963,0.141023334,4.713555336,1.214147987,2.206973076,0.56848636,
FLK,upper,UKI1 (Cheeca),24.89742,-80.61573,4,FLK_upper_4,BMU,BMUQuest,3710,Base Only,4/27/16,1/7/20,3.698630137,O. faveolata,5x2x1,10.6162,27.4003,10.02901554,1.058548564,1.047298392,NA,NA,NA,NA,NA,NA,NA,NA,NA,NA,
FLK,upper,UKI1 (Cheeca),24.89742,-80.61573,4,FLK_upper_4,BMU,BMUQuest,3711,SUCCESSFULLY RECOVERED,4/27/16,1/7/20,3.698630137,O. faveolata,5x2x1,11.7348,29.3477,9.973071098,1.176648585,1.142621781,31.6445,30.852,7.743533134,1.190057761,0.200037003,0.054084078,2.029500961,0.548716927,2.399929047,0.648869705,
FLK,upper,UKO3,24.88266,-80.56088,13,FLK_upper_13,BMU,BMUQuest,3712,SUCCESSFULLY RECOVERED,4/27/16,1/7/20,3.698630137,O. faveolata,5x2x1,16.4813,33.5511,10.95649338,1.504249528,1.48968995,37.8278,36.9387,10.10237503,1.55322287,0.197135925,0.053299713,0.656982425,0.177628581,2.584954262,0.698895041,
FLK,lower,LKI2,24.57899,-81.49734,6.5,FLK_lower_8,BMU,BMUQuest,3713,SUCCESSFULLY RECOVERED,4/19/16,10/18/22,6.501369863,O. faveolata,5x2x1,15.2968,32.5158,11.04234123,1.385285935,1.39145902,34.0113,28.4582,7.660131454,1.4040276,1.241231918,0.190918521,2.140977858,0.329311807,0.728831291,0.112104265,
FLK,lower,LKO2,24.55326,-81.43753,7,FLK_lower_7,BMU,BMUQuest,3714,SUCCESSFULLY RECOVERED,4/19/16,3/6/20,3.882191781,O. faveolata,5x2x1,17.953,36.4117,11.19027042,1.604340139,1.59524631,39.6821,38.3865,10.96117115,1.66891655,0.23138237,0.059600963,-0.0022831,-0.000588096,1.388028145,0.357537243,
FLK,upper,UKI1 (Cheeca),24.89742,-80.61573,4,FLK_upper_4,BMU,BMUQuest,3715,SUCCESSFULLY RECOVERED,4/27/16,1/7/20,3.698630137,O. faveolata,5x2x1,18.9108,35.8633,11.22637081,1.684498073,1.66587393,43.8947,43.0904,10.73439789,1.66576353,0.137363434,0.037139002,0.354609486,0.095875898,4.711109161,1.273744329,
FLK,lower,LKI1 (Jaap),24.5859,-81.58272,3,FLK_lower_3,BMU,BMUQuest,3716,SUCCESSFULLY RECOVERED,4/19/16,10/18/22,6.501369863,O. faveolata,5x2x1,15.1181,32.6416,11.28810024,1.339295336,1.33785526,38.1477,35.3329,10.22418594,1.35832547,0.234000206,0.035992446,0.829914094,0.127652189,2.925367355,0.449961688,
FLK,middle,MKI1,24.68554,-81.04336,3.5,FLK_middle_4,BMU,BMUQuest,3717,SUCCESSFULLY RECOVERED,4/20/16,1/25/20,3.767123288,O. faveolata,5x2x1,16.0341,33.7228,10.94313812,1.465219558,1.46246408,37.0676,35.996,9.704875946,1.52352718,0.212216377,0.056333802,1.026045797,0.272368521,2.382925987,0.632558535,
FLK,middle,MKI2 (Dustan Rocks),24.68988,-81.0294,5,FLK_middle_1b,BMU,BMUQuest,3718,SUCCESSFULLY RECOVERED,4/20/16,1/25/20,3.767123288,O. faveolata,5x2x1,12.6755,29.8778,10.43062592,1.215219499,1.208260116,21.1828,20.518,2.405302048,1.33441756,0.361046791,0.095841512,7.664277081,2.034517189,0.050228119,0.013333282,
FLK,middle,MKI1,24.68554,-81.04336,3.5,FLK_middle_4,BMU,BMUQuest,3719,SUCCESSFULLY RECOVERED,4/20/16,1/25/20,3.767123288,O. faveolata,5x2x1,17.5907,34.7168,10.5890522,1.661215722,1.64100104,35.4652,34.5514,8.879605293,1.71745699,0.167078018,0.044351619,1.542368889,0.409428832,1.29569149,0.343947196,
FLK,lower,LKI2,24.57899,-81.49734,6.5,FLK_lower_8,BMU,BMUQuest,3720,SUCCESSFULLY RECOVERED,4/19/16,10/18/22,6.501369863,O. faveolata,5x2x1,14.605,32.2248,10.77870369,1.354986687,1.34668499,36.8654,32.4656,9.296622276,1.35646897,0.652647972,0.100386224,0.829433442,0.127578258,1.032877922,0.158870814,
FLK,lower,LKO1,24.52202,-81.57709,5,FLK_lower_5,BMU,BMUQuest,3721,SUCCESSFULLY RECOVERED,4/19/16,10/18/22,6.501369863,O. faveolata,5x2x1,14.2439,31.6748,10.71525764,1.329310081,1.31887063,33.4271,29.1036,7.017354012,1.43524494,0.305291176,0.046957977,3.392612452,0.521830402,0.997206688,0.153384088,
FLK,middle,MKO1,24.63127,-81.09255,6,FLK_middle_6,BMU,BMUQuest,3722,SUCCESSFULLY RECOVERED,4/20/16,1/25/20,3.767123288,O. faveolata,5x2x1,18.8432,35.9795,12.87258625,1.463823946,1.47403725,44.6794,43.0427,11.68141079,1.58524835,0.045833588,0.012166734,1.145341872,0.304036206,4.05150032,1.075489176,
FLK,middle,MKO2,24.63388,-81.08344,5,FLK_middle_5,BMU,BMUQuest,3723,SUCCESSFULLY RECOVERED,4/20/16,1/25/20,3.767123288,O. faveolata,5x2x1,12.3131,29.808,11.58400154,1.062940121,1.085622328,32.8144,31.8722,8.482801437,1.233486135,0.585983276,0.155551924,2.515216827,0.667675739,2.58738327,0.68683265,
FLK,upper,UKI1 (Cheeca),24.89742,-80.61573,4,FLK_upper_4,BMU,BMUQuest,3724,SUCCESSFULLY RECOVERED,4/27/16,1/7/20,3.698630137,O. faveolata,5x2x1,13.8384,29.7804,10.85558224,1.274772711,1.26642775,28.9425,28.3473,6.936535835,1.40146635,0.07657814,0.02070446,3.842468265,1.038889568,1.46154213,0.395157687,
FLK,middle,MKO1,24.63127,-81.09255,6,FLK_middle_6,BMU,BMUQuest,3725,SUCCESSFULLY RECOVERED,4/20/16,1/25/20,3.767123288,O. faveolata,5x2x1,12.3858,29.7411,12.02451897,1.030045362,1.034876213,23.5911,22.8529,2.728694916,1.217597098,0.29758358,0.078994914,8.998240474,2.388623835,1.196574211,0.317636063,
FLK,lower,LKO1,24.52202,-81.57709,5,FLK_lower_5,BMU,BMUQuest,3726,SUCCESSFULLY RECOVERED,4/19/16,10/18/22,6.501369863,O. faveolata,5x2x1,13.4436,31.6166,11.43554878,1.175597276,1.207659194,36.2999,32.4485,6.7483778,1.3230264,0.730530739,0.112365664,3.956640241,0.608585625,3.282096863,0.504831587,
FLK,lower,LKO1,24.52202,-81.57709,5,FLK_lower_5,BMU,BMUQuest,3727,SUCCESSFULLY RECOVERED,4/19/16,10/18/22,6.501369863,O. faveolata,5x2x1,14.6657,31.6277,11.6161623,1.262525404,1.276092993,27.628,25.2991,4.833374977,1.41385643,0.434646606,0.066854619,6.348140717,0.976431252,0.485484123,0.074674128,
FLK,middle,MKO1,24.63127,-81.09255,6,FLK_middle_6,BMU,BMUQuest,3728,SUCCESSFULLY RECOVERED,4/20/16,1/25/20,3.767123288,O. faveolata,5x2x1,16.1516,33.2995,11.83630943,1.36458075,1.37787811,37.0654,35.6697,9.500178337,1.53041847,0.156229019,0.041471703,2.179902074,0.578664914,2.355949402,0.625397478,
FLK,lower,LKO1,24.52202,-81.57709,5,FLK_lower_5,BMU,BMUQuest,3729,SUCCESSFULLY RECOVERED,4/19/16,10/18/22,6.501369863,O. faveolata,5x2x1,14.1865,31.3443,10.85331631,1.307112001,1.320396,38.5551,34.9492,7.363509178,1.4800763,0.685400963,0.105424084,2.804406169,0.431356195,3.634946823,0.559104758,
FLK,middle,MKO1,24.63127,-81.09255,6,FLK_middle_6,BMU,BMUQuest,3730,SUCCESSFULLY RECOVERED,4/20/16,1/25/20,3.767123288,O. faveolata,5x2x1,13.1834,30.4077,10.72630405,1.229072003,1.244761539,35.1368,33.2902,8.907594681,1.370768,0.188415527,0.050015758,1.630293842,0.432768911,2.612042427,0.693378535,
FLK,upper,UKI2,24.95375,-80.54806,3,FLK_upper_3,BMU,BMUQuest,3731,SUCCESSFULLY RECOVERED,4/27/16,1/7/20,3.698630137,O. faveolata,5x2x1,16.7358,33.5423,10.6686945,1.568683029,1.54310583,34.5464,33.8173,8.89453125,1.57794414,0.075110435,0.020307636,1.699052815,0.459373539,1.470211029,0.3975015,
FLK,middle,MKO2,24.63388,-81.08344,5,FLK_middle_5,BMU,BMUQuest,3732,Not Recovered,4/20/16,not recovered,NA,O. faveolata,5x2x1,13.0982,31.0883,11.4274292,1.146207058,1.162063791,NA,NA,NA,NA,NA,NA,NA,NA,NA,NA,
FLK,middle,MKI1,24.68554,-81.04336,3.5,FLK_middle_4,BMU,BMUQuest,3733,SUCCESSFULLY RECOVERED,4/20/16,1/25/20,3.767123288,O. faveolata,5x2x1,14.9015,31.5182,11.69008827,1.274712359,1.262092398,30.5847,29.6474,8.098992348,1.39195343,0.929177284,0.246654334,2.661918638,0.706618402,0.754177094,0.200199738,
FLK,middle,MKI1,24.68554,-81.04336,3.5,FLK_middle_4,BMU,BMUQuest,3734,SUCCESSFULLY RECOVERED,4/20/16,1/25/20,3.767123288,O. faveolata,5x2x1,11.5931,29.0197,11.53030586,1.005446008,1.010271283,28.8861,27.8287,8.165742874,1.13429057,0.208637238,0.055383703,3.155925749,0.837754835,0.852959633,0.226422012,
FLK,lower,LKI2,24.57899,-81.49734,6.5,FLK_lower_8,BMU,BMUQuest,3735,SUCCESSFULLY RECOVERED,4/19/16,10/18/22,6.501369863,O. faveolata,5x2x1,13.7521,30.3111,11.13167381,1.235402711,1.256610915,39.3802,30.5349,7.406707764,1.3979474,0.516958237,0.079515279,3.208007809,0.493435672,2.282289505,0.35104748,
FLK,upper,UKI2,24.95375,-80.54806,3,FLK_upper_3,BMU,BMUQuest,3736,SUCCESSFULLY RECOVERED,4/27/16,1/7/20,3.698630137,O. faveolata,5x2x1,10.8897,28.6412,10.65806007,1.02173378,1.044355949,21.2535,20.7972,2.57602787,1.295445442,0.021037102,0.005687809,8.060995098,2.17945423,0,0,
FLK,upper,UKO1,24.9025,-80.53104,14,FLK_upper_14,BMU,BMUQuest,3737,SUCCESSFULLY RECOVERED,4/27/16,1/7/20,3.698630137,O. faveolata,5x2x1,13.3287,31.2858,11.6983881,1.139362097,1.16552457,31.7561,31.0474,3.186713219,1.36380173,0.023981094,0.006483777,8.487693787,2.294820913,4.705143929,1.272131507,
FLK,middle,MKO2,24.63388,-81.08344,5,FLK_middle_5,BMU,BMUQuest,3738,SUCCESSFULLY RECOVERED,4/20/16,1/25/20,3.767123288,O. faveolata,5x2x1,11.7755,29.0695,11.37902069,1.034843008,1.042587154,30.2334,28.8816,7.534080505,1.196149819,0.074767113,0.01984727,3.770173072,1.000809579,1.686641693,0.447726704,
FLK,upper,UKI2,24.95375,-80.54806,3,FLK_upper_3,BMU,BMUQuest,3739,SUCCESSFULLY RECOVERED,4/27/16,1/7/20,3.698630137,O. faveolata,5x2x1,10.274,26.5235,9.693820953,1.059850398,1.051034278,20.3606,19.7398,2.374403,1.278166922,0.232309341,0.062809563,7.087108612,1.91614418,0.094808578,0.02563343,
FLK,lower,LKO1,24.52202,-81.57709,5,FLK_lower_5,BMU,BMUQuest,3740,SUCCESSFULLY RECOVERED,4/19/16,10/18/22,6.501369863,O. faveolata,5x2x1,12.1291,28.999,10.17259312,1.192331184,1.214825689,28.454,26.8085,6.417363167,1.38525829,0.089744568,0.013803947,3.665485385,0.563802008,0.939270973,0.144472779,
FLK,upper,UKO3,24.88266,-80.56088,13,FLK_upper_13,BMU,BMUQuest,3741,SUCCESSFULLY RECOVERED,4/27/16,1/7/20,3.698630137,O. faveolata,5x2x1,11.926,29.29,9.979585648,1.195039596,1.212336895,27.8286,26.9663,5.513093948,1.32573148,0.209753037,0.056711006,4.256738664,1.150896009,1.493720055,0.403857645,
FLK,lower,LKO2,24.55326,-81.43753,7,FLK_lower_7,BMU,BMUQuest,3742,SUCCESSFULLY RECOVERED,4/19/16,3/6/20,3.882191781,O. faveolata,5x2x1,19.5861,36.8759,11.88041782,1.648603635,1.64666439,46.0159,42.5099,11.38613605,1.73579301,0.021921158,0.005646593,0.472360612,0.121673693,3.471387863,0.894182477,
FLK,upper,UKO1,24.9025,-80.53104,14,FLK_upper_14,BMU,BMUQuest,3743,Base Only,4/27/16,1/7/20,3.698630137,O. faveolata,5x2x1,10.9011,27.7002,10.958004,0.994807083,0.995219575,NA,NA,NA,NA,NA,NA,NA,NA,NA,NA,
FLK,upper,UKO3,24.88266,-80.56088,13,FLK_upper_13,BMU,BMUQuest,3744,SUCCESSFULLY RECOVERED,4/27/16,1/7/20,3.698630137,O. faveolata,5x2x1,15.2284,31.7095,10.89496136,1.397747041,1.38447372,34.8662,34.1314,9.320920944,1.4758105,0.125922203,0.034045633,1.448118213,0.391528258,2.175078392,0.58807675,
FLK,middle,MKI1,24.68554,-81.04336,3.5,FLK_middle_4,BMU,BMUQuest,3745,SUCCESSFULLY RECOVERED,4/20/16,1/25/20,3.767123288,O. faveolata,5x2x1,15.2682,32.2595,10.9049263,1.400119504,1.40388304,36.7557,35.1201,8.824004173,1.5275575,0.161112785,0.042768121,1.919809342,0.509622116,2.866744995,0.76099049,
FLK,lower,LKO1,24.52202,-81.57709,5,FLK_lower_5,BMU,BMUQuest,3746,SUCCESSFULLY RECOVERED,4/19/16,10/18/22,6.501369863,O. faveolata,5x2x1,17.1837,34.4261,11.35146046,1.513787592,1.51456291,41.5752,37.9498,10.21458149,1.63142036,0.297635078,0.045780364,0.839243892,0.12908724,2.39926815,0.369040402,
FLK,upper,UKI2,24.95375,-80.54806,3,FLK_upper_3,BMU,BMUQuest,3747,SUCCESSFULLY RECOVERED,4/27/16,1/7/20,3.698630137,O. faveolata,5x2x1,19.3959,35.489,12.34061623,1.571712436,1.53814493,31.3341,30.6918,8.503031731,1.5950653,0.442826271,0.119727103,3.394758228,0.917842039,0.165095329,0.044636885,
FLK,middle,MKO1,24.63127,-81.09255,6,FLK_middle_6,BMU,BMUQuest,3748,Base Only,4/20/16,1/25/20,3.767123288,O. faveolata,5x2x1,15.6397,32.8317,11.9921608,1.304160298,1.31970335,NA,NA,NA,NA,NA,NA,NA,NA,NA,NA,
FLK,middle,MKO2,24.63388,-81.08344,5,FLK_middle_5,BMU,BMUQuest,3749,SUCCESSFULLY RECOVERED,4/20/16,1/25/20,3.767123288,O. faveolata,5x2x1,15.3278,31.6561,11.76957607,1.302323882,1.293250644,32.8211,31.7758,9.026392937,1.44718042,0.320654869,0.085119293,2.422528264,0.643071139,1.500234604,0.398244095,
FLK,middle,MKO1,24.63127,-81.09255,6,FLK_middle_6,BMU,BMUQuest,3750,SUCCESSFULLY RECOVERED,4/20/16,1/25/20,3.767123288,O. faveolata,5x2x1,16.3,32.706,10.6268692,1.533847805,1.5221066,37.5126,36.1911,9.943957329,1.61577646,0.277387619,0.073633804,0.405524252,0.107648256,2.487587929,0.660341523,
FLK,upper,UKI1 (Cheeca),24.89742,-80.61573,4,FLK_upper_4,BMU,BMUQuest,3751,SUCCESSFULLY RECOVERED,4/27/16,1/7/20,3.698630137,O. faveolata,5x2x1,16.1065,33.0899,11.28576565,1.427151733,1.42148944,27.2344,26.5276,5.72191143,1.58835578,1.04526329,0.282608223,4.51859093,1.221693103,0.201676369,0.054527315,
FLK,middle,MKI2 (Dustan Rocks),24.68988,-81.0294,5,FLK_middle_1b,BMU,BMUQuest,3752,SUCCESSFULLY RECOVERED,4/20/16,1/25/20,3.767123288,O. faveolata,5x2x1,14.8165,32.178,11.68692112,1.267784718,1.260952714,36.1208,34.734,10.10435772,1.35564835,0.751490593,0.199486594,0.831072807,0.220612054,2.362627029,0.627170084,
FLK,middle,MKI2 (Dustan Rocks),24.68988,-81.0294,5,FLK_middle_1b,BMU,BMUQuest,3753,SUCCESSFULLY RECOVERED,4/20/16,1/25/20,3.767123288,O. faveolata,5x2x1,16.912,33.1641,11.23418999,1.505404485,1.50179694,32.551,31.5047,9.168477058,1.56574739,0.138496399,0.036764499,1.927216533,0.511588389,0.23182869,0.061539979,
FLK,middle,MKI2 (Dustan Rocks),24.68988,-81.0294,5,FLK_middle_1b,BMU,BMUQuest,3754,SUCCESSFULLY RECOVERED,4/20/16,1/25/20,3.767123288,O. faveolata,5x2x1,13.8488,31.1142,11.24828339,1.231192309,1.24589178,34.2569,33.2111,9.090259552,1.37722647,0.484162331,0.128523091,1.673861507,0.444334146,2.265749931,0.601453618,
FLK,lower,LKO2,24.55326,-81.43753,7,FLK_lower_7,BMU,BMUQuest,3755,SUCCESSFULLY RECOVERED,4/19/16,3/6/20,3.882191781,O. faveolata,5x2x1,15.445,32.0662,11.07240772,1.394908893,1.37845799,33.6824,33.0171,9.965835571,1.42818088,0.128488541,0.033096907,0.978083608,0.251941085,1.261685371,0.324993056,
FLK,upper,UKO1,24.9025,-80.53104,14,FLK_upper_14,BMU,BMUQuest,3756,SUCCESSFULLY RECOVERED,4/27/16,1/7/20,3.698630137,O. faveolata,5x2x1,17.4479,33.6686,11.79892159,1.478770739,1.43422762,35.5632,34.7466,8.947299957,1.50453591,0.143912315,0.038909626,2.707709318,0.732084371,2.145835876,0.580170441,
FLK,middle,MKO2,24.63388,-81.08344,5,FLK_middle_5,BMU,BMUQuest,3757,SUCCESSFULLY RECOVERED,4/20/16,1/25/20,3.767123288,O. faveolata,5x2x1,15.9612,31.9,11.2980566,1.412738541,1.3741686,36.2123,35.0468,10.11883736,1.45786739,0.079668045,0.021148245,1.099551195,0.291880863,2.168915749,0.575748544,
FLK,middle,MKI1,24.68554,-81.04336,3.5,FLK_middle_4,BMU,BMUQuest,3758,Not Recovered,4/20/16,not recovered,NA,O. faveolata,5x2x1,16.1522,32.8831,11.28130245,1.431767304,1.39490239,NA,NA,NA,NA,NA,NA,NA,NA,NA,NA,
FLK,lower,LKI1 (Jaap),24.5859,-81.58272,3,FLK_lower_3,BMU,BMUQuest,3759,Not Recovered,4/19/16,not recovered,NA,O. faveolata,5x2x1,16.0763,32.3021,11.39832401,1.410409108,1.38530063,NA,NA,NA,NA,NA,NA,NA,NA,NA,NA,
FLK,lower,LKI1 (Jaap),24.5859,-81.58272,3,FLK_lower_3,BMU,BMUQuest,3760,SUCCESSFULLY RECOVERED,4/19/16,10/18/22,6.501369863,O. faveolata,5x2x1,17.7295,34.3014,11.46341801,1.546615502,1.50091886,37.6593,31.2409,6.465479851,1.58005978,0.168228149,0.0258758,4.82971001,0.742875749,2.111392021,0.324761099,
FLK,middle,MKI2 (Dustan Rocks),24.68988,-81.0294,5,FLK_middle_1b,BMU,BMUQuest,3761,SUCCESSFULLY RECOVERED,4/20/16,1/25/20,3.767123288,O. faveolata,5x2x1,16.2433,33.143,11.47436142,1.415616905,1.38373508,17.9376,17.5522,0.2882967,1.53827891,0.00984478,0.002613342,11.17621994,2.966778384,0.047739029,0.012672542,
FLK,lower,LKI1 (Jaap),24.5859,-81.58272,3,FLK_lower_3,BMU,BMUQuest,3762,SUCCESSFULLY RECOVERED,4/19/16,10/18/22,6.501369863,O. faveolata,5x2x1,15.3306,32.5415,11.03713131,1.38900223,1.35386076,41.7519,34.5532,7.800078392,1.49832169,0.142762184,0.021958785,3.094290734,0.475944424,3.332917213,0.512648455,
FLK,middle,MKI1,24.68554,-81.04336,3.5,FLK_middle_4,BMU,BMUQuest,3763,SUCCESSFULLY RECOVERED,4/20/16,1/25/20,3.767123288,O. faveolata,5x2x1,18.3305,35.4752,12.10146618,1.514733812,1.50631474,36.2223,35.3123,10.71927452,1.60275226,0.165610313,0.04396201,1.216581347,0.322947048,0.66276741,0.175934622,
FLK,middle,MKI2 (Dustan Rocks),24.68988,-81.0294,5,FLK_middle_1b,BMU,BMUQuest,3764,SUCCESSFULLY RECOVERED,4/20/16,1/25/20,3.767123288,O. faveolata,5x2x1,16.3886,33.7363,10.97229481,1.493634676,1.49370655,36.6821,35.2394,9.195127487,1.61387548,0.1768713,0.04695129,1.600296023,0.424805853,1.764138222,0.46829851,
FLK,lower,LKI2,24.57899,-81.49734,6.5,FLK_lower_8,BMU,BMUQuest,3765,SUCCESSFULLY RECOVERED,4/19/16,10/18/22,6.501369863,O. faveolata,5x2x1,16.0692,32.8926,11.15659904,1.440331408,1.44849565,42.6488,36.4835,9.829098701,1.54179894,0.566791534,0.087180325,0.760708805,0.117007465,2.631251335,0.404722603,
FLK,upper,UKI2,24.95375,-80.54806,3,FLK_upper_3,BMU,BMUQuest,3766,SUCCESSFULLY RECOVERED,4/27/16,1/7/20,3.698630137,O. faveolata,5x2x1,19.4517,36.3535,11.88366222,1.636843899,1.61463624,34.0061,33.3522,8.941180229,1.72532282,0.028856277,0.007801882,2.913625714,0.787758063,0.319470406,0.086375332,
FLK,middle,MKI1,24.68554,-81.04336,3.5,FLK_middle_4,BMU,BMUQuest,3767,Not Recovered,4/20/16,not recovered,NA,O. faveolata,5x2x1,15.5093,32.6717,11.42219353,1.357821504,1.36035711,NA,NA,NA,NA,NA,NA,NA,NA,NA,NA,
FLK,lower,LKI1 (Jaap),24.5859,-81.58272,3,FLK_lower_3,BMU,BMUQuest,3768,SUCCESSFULLY RECOVERED,4/19/16,10/18/22,6.501369863,O. faveolata,5x2x1,15.6765,32.6121,11.46769238,1.367014346,1.36485279,38.6242,34.2613,8.051510811,1.47329865,0.09022522,0.013877878,3.325956349,0.511577778,3.398251534,0.522697771,
FLK,upper,UKO3,24.88266,-80.56088,13,FLK_upper_13,BMU,BMUQuest,3769,SUCCESSFULLY RECOVERED,4/27/16,1/7/20,3.698630137,O. faveolata,5x2x1,16.5632,33.6595,11.75933647,1.408514846,1.38045068,33.6611,32.8568,8.37876606,1.46285651,0.837982178,0.226565552,2.542588232,0.687440522,1.774669647,0.47981809,
FLK,lower,LKI2,24.57899,-81.49734,6.5,FLK_lower_8,BMU,BMUQuest,3770,SUCCESSFULLY RECOVERED,4/19/16,10/18/22,6.501369863,O. faveolata,5x2x1,13.9257,31.73,11.52614307,1.208183858,1.208120487,41.0206,34.8332,9.505748749,1.3793372,0.891875267,0.137182669,1.128519054,0.173581734,2.507311821,0.385659003,
FLK,upper,UKO1,24.9025,-80.53104,14,FLK_upper_14,BMU,BMUQuest,3771,SUCCESSFULLY RECOVERED,4/27/16,1/7/20,3.698630137,O. faveolata,5x2x1,18.0263,34.0299,11.35152054,1.588007522,1.55073352,34.0432,33.253,8.1924963,1.6659774,0.467571259,0.126417414,2.691452982,0.727689139,1.597360611,0.43187898,
FLK,lower,LKO2,24.55326,-81.43753,7,FLK_lower_7,BMU,BMUQuest,3772,SUCCESSFULLY RECOVERED,4/19/16,3/6/20,3.882191781,O. faveolata,5x2x1,18.6282,35.2232,11.42775536,1.630083898,1.58942161,34.1271,29.6442,5.856296539,1.65225291,4.324012756,1.113807097,1.247446065,0.321325204,1.54083252,0.396897579,
FLK,upper,UKO3,24.88266,-80.56088,13,FLK_upper_13,BMU,BMUQuest,3773,SUCCESSFULLY RECOVERED,4/27/16,1/7/20,3.698630137,O. faveolata,5x2x1,16.4401,33.8,11.43481064,1.437723852,1.43384234,32.7193,31.9627,7.68255043,0.6106,0.288459778,0.077990977,3.463800432,0.936509006,1.445311546,0.390769418,
FLK,middle,MKO1,24.63127,-81.09255,6,FLK_middle_6,BMU,BMUQuest,3774,Not Recovered,4/20/16,not recovered,NA,O. faveolata,5x2x1,17.6039,34.1145,12.07242107,1.458191352,1.4348908,NA,NA,NA,NA,NA,NA,NA,NA,NA,NA,
FLK,lower,LKI1 (Jaap),24.5859,-81.58272,3,FLK_lower_3,BMU,BMUQuest,3775,SUCCESSFULLY RECOVERED,4/19/16,10/18/22,6.501369863,O. faveolata,5x2x1,15.7938,32.5604,11.19515419,1.410771101,1.41082956,33.8959,26.6786,4.856145859,1.54877111,0.298356056,0.04589126,6.040652275,0.929135306,1.327363014,0.204166667,
FLK,lower,LKO2,24.55326,-81.43753,7,FLK_lower_7,BMU,BMUQuest,3776,SUCCESSFULLY RECOVERED,4/19/16,3/6/20,3.882191781,O. faveolata,5x2x1,17.4191,33.9768,12.21072006,1.426541589,1.41263556,39.3708,38.659,11.23126316,1.51624564,0.119330406,0.030737896,0.860126494,0.22155693,2.929392815,0.754571897,
FLK,upper,UKI1 (Cheeca),24.89742,-80.61573,4,FLK_upper_4,BMU,BMUQuest,3777,SUCCESSFULLY RECOVERED,4/27/16,1/7/20,3.698630137,O. faveolata,5x2x1,15.3197,32.073,10.89461803,1.406171374,1.38179188,28.182,27.4357,6.695626259,1.50289873,1.390809059,0.37603356,2.808182712,0.7592494,0.302312851,0.081736437,
FLK,lower,LKO1,24.52202,-81.57709,5,FLK_lower_5,BMU,BMUQuest,3778,SUCCESSFULLY RECOVERED,4/19/16,10/18/22,6.501369863,O. faveolata,5x2x1,15.9276,33.1913,11.42815876,1.393715325,1.37382693,45.3471,40.5783,10.13910198,1.49700664,0.162846565,0.025048039,1.126210215,0.173226603,4.454750061,0.685201758,
FLK,middle,MKI2 (Dustan Rocks),24.68988,-81.0294,5,FLK_middle_1b,BMU,BMUQuest,3779,SUCCESSFULLY RECOVERED,4/20/16,1/25/20,3.767123288,O. faveolata,5x2x1,18.3485,34.3341,11.93467999,1.537410305,1.47707021,39.6774,38.4518,10.95537758,1.55019466,0.1476717,0.039200124,0.83163071,0.220760152,2.844789505,0.755162305,
FLK,middle,MKO1,24.63127,-81.09255,6,FLK_middle_6,BMU,BMUQuest,3780,Not Recovered,4/20/16,not recovered,NA,O. faveolata,5x2x1,15.7787,32.3564,11.06870842,1.425523142,1.43698338,NA,NA,NA,NA,NA,NA,NA,NA,NA,NA,
FLK,lower,LKI1 (Jaap),24.5859,-81.58272,3,FLK_lower_3,BMU,BMUQuest,3781,SUCCESSFULLY RECOVERED,4/19/16,10/18/22,6.501369863,O. faveolata,5x2x1,15.9965,33.1743,11.40293312,1.402840816,1.41396409,32.8624,27.5214,5.350144386,1.50334643,0.509628296,0.078387833,5.543160438,0.852614227,1.311149597,0.20167282,
FLK,lower,LKO1,24.52202,-81.57709,5,FLK_lower_5,BMU,BMUQuest,3782,SUCCESSFULLY RECOVERED,4/19/16,10/18/22,6.501369863,O. faveolata,5x2x1,17.3413,35.517,11.54195309,1.502458021,1.50700592,41.6655,37.0406,9.826858521,1.61893502,0.21462822,0.033012769,1.500466349,0.230792338,1.643743515,0.252830334,
FLK,lower,LKO2,24.55326,-81.43753,7,FLK_lower_7,BMU,BMUQuest,3783,SUCCESSFULLY RECOVERED,4/19/16,3/6/20,3.882191781,O. faveolata,5x2x1,18.2366,34.5927,11.31856155,1.611211806,1.57752462,44.135,43.192,11.05206585,1.66623094,0.083281517,0.02145219,0.183214183,0.047193491,4.994530678,1.286523428,
FLK,lower,LKO2,24.55326,-81.43753,7,FLK_lower_7,BMU,BMUQuest,3784,SUCCESSFULLY RECOVERED,4/19/16,10/18/22,6.501369863,O. faveolata,5x2x1,18.1508,35.6226,12.10532856,1.499405812,1.50242337,45.8769,40.7385,11.18045998,1.60281983,0.338318825,0.052038083,0.586549755,0.09021941,3.340118408,0.513756097,
FLK,middle,MKO2,24.63388,-81.08344,5,FLK_middle_5,BMU,BMUQuest,3785,SUCCESSFULLY RECOVERED,4/20/16,1/25/20,3.767123288,O. faveolata,5x2x1,17.6676,35.7314,12.00017738,1.472278237,1.48082291,41.0937,39.7984,11.12725353,1.62287419,0.024375916,0.006470698,0.848547934,0.225250906,2.492274284,0.661585537,
FLK,lower,LKI2,24.57899,-81.49734,6.5,FLK_lower_8,BMU,BMUQuest,3786,Not recovered,4/19/16,not recovered,NA,O. faveolata,5x2x1,18.4725,35.3744,11.56976223,1.59661881,1.58058061,NA,NA,NA,NA,NA,NA,NA,NA,NA,NA,
FLK,upper,UKI1 (Cheeca),24.89742,-80.61573,4,FLK_upper_4,BMU,BMUQuest,3787,SUCCESSFULLY RECOVERED,4/27/16,1/7/20,3.698630137,O. faveolata,5x2x1,16.5996,33.6536,11.28338814,1.471153859,1.46909434,30.5286,29.8215,7.344901085,1.61518713,0.100172997,0.02708381,3.838314059,1.037766394,0.705751419,0.190814273,
FLK,middle,MKI1,24.68554,-81.04336,3.5,FLK_middle_4,BMU,BMUQuest,3788,SUCCESSFULLY RECOVERED,4/20/16,1/25/20,3.767123288,O. faveolata,5x2x1,19.79,37.1256,12.54884148,1.57703801,1.59526647,42.8565,32.1675,11.55681896,1.70959466,0.042297363,0.011228027,0.949725157,0.25210886,2.934336662,0.778933005,
FLK,upper,UKI2,24.95375,-80.54806,3,FLK_upper_3,BMU,BMUQuest,3789,SUCCESSFULLY RECOVERED,4/27/16,1/7/20,3.698630137,O. faveolata,5x2x1,15.1419,32.1932,11.25236893,1.345663308,1.34397221,20.89,20.492,2.195986748,1.41354648,0.095538139,0.025830682,8.960844043,2.422746723,0.115802765,0.031309636,
FLK,middle,MKI1,24.68554,-81.04336,3.5,FLK_middle_4,BMU,BMUQuest,3790,SUCCESSFULLY RECOVERED,4/20/16,1/25/20,3.767123288,O. faveolata,5x2x1,15.2734,32.9393,11.54856205,1.322536947,1.32937063,37.4654,386.2403,9.749379158,1.59209245,0.03202343,0.008500765,1.767159462,0.469100512,3.188592911,0.846426482,
FLK,middle,MKO1,24.63127,-81.09255,6,FLK_middle_6,BMU,BMUQuest,3791,SUCCESSFULLY RECOVERED,4/20/16,1/25/20,3.767123288,O. faveolata,5x2x1,17.2547,34.2235,11.31554031,1.52486753,1.50308557,39.152,37.8985,10.32015324,1.63302825,0.104919434,0.027851341,0.890467636,0.236378682,2.546253204,0.675914487,
FLK,upper,UKO1,24.9025,-80.53104,14,FLK_upper_14,BMU,BMUQuest,3792,SUCCESSFULLY RECOVERED,4/27/16,1/7/20,3.698630137,O. faveolata,5x2x1,17.5481,34.3164,11.60028362,1.512730255,1.50166121,41.7967,41.0115,10.68453026,1.57944865,0.095066071,0.025703049,0.820687289,0.221889526,4.204184532,1.136686929,
FLK,upper,UKI2,24.95375,-80.54806,3,FLK_upper_3,BMU,BMUQuest,3793,SUCCESSFULLY RECOVERED,4/27/16,1/7/20,3.698630137,O. faveolata,5x2x1,17.1808,34.3171,11.5489912,1.487645085,1.49365832,32.0973,31.4766,8.722706795,1.60328818,0.647755623,0.175133928,2.178528782,0.589009634,0.245407105,0.06635081,
FLK,lower,LKI2,24.57899,-81.49734,6.5,FLK_lower_8,BMU,BMUQuest,3794,Not Recovered,4/19/16,Not recovered,NA,O. faveolata,5x2x1,17.7584,34.1406,12.06285095,1.472156132,1.47202538,NA,NA,NA,NA,NA,NA,NA,NA,NA,NA,
FLK,lower,LKI1 (Jaap),24.5859,-81.58272,3,FLK_lower_3,BMU,BMUQuest,3795,SUCCESSFULLY RECOVERED,4/19/16,10/18/22,6.501369863,O. faveolata,5x2x1,17.6814,34.3909,11.63021278,1.520298926,1.51364339,43.3443,40.149,8.776170731,1.58383411,0.728625298,0.112072581,2.125416752,0.326918295,5.571836472,0.857024995,
FLK,middle,MKI2 (Dustan Rocks),24.68988,-81.0294,5,FLK_middle_1b,BMU,BMUQuest,3796,SUCCESSFULLY RECOVERED,4/20/16,1/25/20,3.767123288,O. faveolata,5x2x1,17.6855,34.8033,11.53255463,1.533528396,1.50481905,34.2432,33.3171,9.193350792,1.62141917,0.225520134,0.059865345,2.113683704,0.561086947,0.584652901,0.15519877,
FLK,upper,UKI2,24.95375,-80.54806,3,FLK_upper_3,BMU,BMUQuest,3797,SUCCESSFULLY RECOVERED,4/27/16,1/7/20,3.698630137,O. faveolata,5x2x1,14.4679,30.8197,11.55541134,1.252045433,1.220471147,28.9855,28.3199,4.019090652,1.43011926,0.117828369,0.0318573,7.418492319,2.005740516,3.060593605,0.827493827,
FLK,upper,UKO3,24.88266,-80.56088,13,FLK_upper_13,BMU,BMUQuest,3798,Not Recovered,4/27/16,not recovered,NA,O. faveolata,5x2x1,17.4505,34.7167,12.22493362,1.427451514,1.4227948,NA,NA,NA,NA,NA,NA,NA,NA,NA,NA,
FLK,middle,MKO2,24.63388,-81.08344,5,FLK_middle_5,BMU,BMUQuest,3799,SUCCESSFULLY RECOVERED,4/20/16,1/25/20,3.767123288,O. faveolata,5x2x1,14.4115,31.9723,10.88451576,1.324036854,1.33437605,33.1088,32.3327,6.772899628,1.6700068,0.173867226,0.046153845,3.937748906,1.045293346,2.059095383,0.546596229,
FLK,lower,LKI2,24.57899,-81.49734,6.5,FLK_lower_8,BMU,BMUQuest,3800,SUCCESSFULLY RECOVERED,4/19/16,10/18/22,6.501369863,O. faveolata,5x2x1,13.4816,30.521,10.12176418,1.331941721,1.34788913,31.5665,29.8537,8.367925644,1.45048933,0.337752342,0.05195095,1.416086194,0.217813511,0.349931717,0.053824305,
PR,east,Fajardo,18.33696,-65.56462,19.8,PR_east_15b,BMU,NCRMP,4860,SUCCESSFULLY RECOVERED,8/12/17,5/19/22,4.769863014,O. faveolata,5x2x1,16.1945,32.0957,NA,NA,NA,33.554,30.7932,8.961547852,1.62720959,1.030148506,0.21597025,NA,NA,0.216344833,0.045356614,Prescan Blocks not CT'd
PR,east,Fajardo,18.33696,-65.56462,19.8,PR_east_15b,BMU,NCRMP,4861,SUCCESSFULLY RECOVERED,8/12/17,5/19/22,4.769863014,O. faveolata,5x2x1,16.445,32.3713,NA,NA,NA,39.8527,36.0089,10.5965023,1.60850685,0.090499878,0.018973266,NA,NA,3.346135139,0.701515983,Prescan Blocks not CT'd
PR,east,Fajardo,18.33696,-65.56462,19.8,PR_east_15b,BMU,NCRMP,4862,SUCCESSFULLY RECOVERED,8/12/17,5/19/22,4.769863014,O. faveolata,5x2x1,15.3923,30.9173,NA,NA,NA,32.8266,29.6404,8.690803528,1.46892706,0.390684128,0.081906782,NA,NA,1.081578255,0.226752477,Prescan Blocks not CT'd
PR,east,Fajardo,18.33696,-65.56462,19.8,PR_east_15b,BMU,NCRMP,4863,SUCCESSFULLY RECOVERED,8/12/17,5/19/22,4.769863014,O. faveolata,5x2x1,16.854,32.876,NA,NA,NA,27.8176,24.6938,4.958164215,1.5578664,1.887828827,0.395782609,NA,NA,0.516812325,0.108349511,Prescan Blocks not CT'd
PR,east,Fajardo,18.33696,-65.56462,19.8,PR_east_15b,BMU,NCRMP,4864,SUCCESSFULLY RECOVERED,8/12/17,5/19/22,4.769863014,O. faveolata,5x2x1,16.9572,33.0109,NA,NA,NA,36.383,32.6184,9.894192696,1.56103131,0.921152115,0.193119197,NA,NA,0.918328285,0.192527182,Prescan Blocks not CT'd
STT,north,Inner Brass,18.38262,-64.97816,15.5,STT_north_15,BMU,NCRMP,4865,SUCCESSFULLY RECOVERED,8/13/17,2/18/22,4.520547945,O. faveolata,5x2x1,15.6925,31.7701,NA,NA,NA,35.6614,32.9104,9.079813957,1.65851715,0.109193802,0.024154993,NA,NA,1.107610703,0.245016913,Prescan Blocks not CT'd
STT,north,Inner Brass,18.38262,-64.97816,15.5,STT_north_15,BMU,NCRMP,4866,SUCCESSFULLY RECOVERED,8/13/17,2/18/22,4.520547945,O. faveolata,5x2x1,16.0276,32.0878,NA,NA,NA,32.0839,29.0853,7.518519402,1.63823843,0.706283569,0.156238487,NA,NA,0.803375244,0.177716342,Prescan Blocks not CT'd
STT,north,Inner Brass,18.38262,-64.97816,15.5,STT_north_15,BMU,NCRMP,4867,SUCCESSFULLY RECOVERED,8/13/17,2/18/22,4.520547945,O. faveolata,5x2x1,14.7728,30.8722,NA,NA,NA,30.6602,27.7427,6.950577736,1.60271028,0.198277473,0.04386138,NA,NA,0.348481178,0.077088261,Prescan Blocks not CT'd
STT,north,Inner Brass,18.38262,-64.97816,15.5,STT_north_15,BMU,NCRMP,4868,Base Only,8/13/17,2/18/22,4.520547945,O. faveolata,5x2x1,12.6551,28.7656,NA,NA,NA,NA,NA,NA,NA,NA,NA,NA,NA,NA,NA,Prescan Blocks not CT'd
STT,north,Inner Brass,18.38262,-64.97816,15.5,STT_north_15,BMU,NCRMP,4869,SUCCESSFULLY RECOVERED,8/13/17,2/18/22,4.520547945,O. faveolata,5x2x1,14.1936,30.35,NA,NA,NA,26.8648,24.1488,5.438189507,1.52326581,0.141448975,0.031290228,NA,NA,0.226567268,0.050119426,Prescan Blocks not CT'd
STJ,north,Johnson's Reef,18.36316,-64.77052,15.9,STJ_north_15,BMU,NCRMP,4870,SUCCESSFULLY RECOVERED,8/14/17,3/10/22,4.57260274,O. faveolata,5x2x1,14.9893,30.7688,NA,NA,NA,28.7813,26.2591,5.736305237,1.67253776,1.419734001,0.310487064,NA,NA,1.078187943,0.235793049,Prescan Blocks not CT'd
STJ,north,Johnson's Reef,18.36316,-64.77052,15.9,STJ_north_15,BMU,NCRMP,4871,SUCCESSFULLY RECOVERED,8/14/17,3/10/22,4.57260274,O. faveolata,5x2x1,14.5653,30.2658,NA,NA,NA,29.8706,28.4144,8.34478569,1.47624705,0.520580292,0.113847697,NA,NA,0.652656555,0.142731961,Prescan Blocks not CT'd
STJ,north,Johnson's Reef,18.36316,-64.77052,15.9,STJ_north_15,BMU,NCRMP,4872,SUCCESSFULLY RECOVERED,8/14/17,3/10/22,4.57260274,O. faveolata,5x2x1,16.6076,32.6851,NA,NA,NA,34.065,31.8473,9.284623146,1.61176754,0.450036049,0.098420107,NA,NA,0.83141613,0.181825577,Prescan Blocks not CT'd
STJ,north,Johnson's Reef,18.36316,-64.77052,15.9,STJ_north_15,BMU,NCRMP,4873,SUCCESSFULLY RECOVERED,8/14/17,3/10/22,4.57260274,O. faveolata,5x2x1,16.0495,32.1348,NA,NA,NA,35.0394,32.6779,9.200431824,1.54846052,0.645515442,0.141170243,NA,NA,1.84476757,0.403439283,Prescan Blocks not CT'd
STJ,north,Johnson's Reef,18.36316,-64.77052,15.9,STJ_north_15,BMU,NCRMP,4874,Not Recovered,8/14/17,not recovered,NA,O. faveolata,5x2x1,13.168,29.4013,NA,NA,NA,NA,NA,NA,NA,NA,NA,NA,NA,NA,NA,Prescan Blocks not CT'd
STT,west,Savannah,18.34082,-65.08269,16,STT_west_15,BMU,NCRMP,4875,SUCCESSFULLY RECOVERED,8/13/17,2/25/22,4.539726027,O. faveolata,5x2x1,12.1051,28.1391,NA,NA,NA,33.0519,27.998,8.281210899,1.317773819,0.47563076,0.104770807,NA,NA,1.002905846,0.220917703,Prescan Blocks not CT'd
STT,west,Savannah,18.34082,-65.08269,16,STT_west_15,BMU,NCRMP,4876,Not Recovered,8/13/17,not recovered,NA,O. faveolata,5x2x1,17.864,33.8967,NA,NA,NA,NA,NA,NA,NA,NA,NA,NA,NA,NA,NA,Prescan Blocks not CT'd
STT,west,Savannah,18.34082,-65.08269,16,STT_west_15,BMU,NCRMP,4877,SUCCESSFULLY RECOVERED,8/13/17,2/25/22,4.539726027,O. faveolata,5x2x1,15.4248,31.3743,NA,NA,NA,31.4191,28.8002,7.515875816,1.50919402,0.753121376,0.165895777,NA,NA,0.932344437,0.205374604,Prescan Blocks not CT'd
STT,west,Savannah,18.34082,-65.08269,16,STT_west_15,BMU,NCRMP,4878,SUCCESSFULLY RECOVERED,8/13/17,2/25/22,4.539726027,O. faveolata,5x2x1,15.9424,32.0203,NA,NA,NA,33.4308,28.0778,7.734915733,1.44947674,1.357257843,0.298973514,NA,NA,0.637155533,0.140351098,Prescan Blocks not CT'd
STT,west,Savannah,18.34082,-65.08269,16,STT_west_15,BMU,NCRMP,4879,Not Recovered,8/13/17,not recovered,NA,O. faveolata,5x2x1,15.8335,31.999,NA,NA,NA,NA,NA,NA,NA,NA,NA,NA,NA,NA,NA,Prescan Blocks not CT'd
STJ,east,Newfound,18.34744,-64.66539,15.6,STJ_east_15,BMU,NCRMP,4880,Not Recovered,8/14/17,not recovered,NA,O. faveolata,5x2x1,16.9074,32.7818,NA,NA,NA,NA,NA,NA,NA,NA,NA,NA,NA,NA,NA,Prescan Blocks not CT'd
STJ,east,Newfound,18.34744,-64.66539,15.6,STJ_east_15,BMU,NCRMP,4881,SUCCESSFULLY RECOVERED,8/14/17,3/22/22,4.605479452,O. faveolata,5x2x1,15.356,31.0424,NA,NA,NA,30.1568,23.8471,4.855768204,1.45557346,3.023231506,0.656442296,NA,NA,1.471481323,0.319506653,Prescan Blocks not CT'd
STJ,east,Newfound,18.34744,-64.66539,15.6,STJ_east_15,BMU,NCRMP,4882,SUCCESSFULLY RECOVERED,8/14/17,3/22/22,4.605479452,O. faveolata,5x2x1,13.4952,29.7653,NA,NA,NA,31.4401,28.6696,8.366638184,1.42977524,0.272958756,0.05926826,NA,NA,0.331400871,0.071957952,Prescan Blocks not CT'd
STJ,east,Newfound,18.34744,-64.66539,15.6,STJ_east_15,BMU,NCRMP,4883,SUCCESSFULLY RECOVERED,8/14/17,3/22/22,4.605479452,O. faveolata,5x2x1,18.6968,34.6289,NA,NA,NA,37.1125,32.3108,9.321676254,1.62877383,1.287949562,0.279655913,NA,NA,1.025144577,0.222592368,Prescan Blocks not CT'd
STJ,east,Newfound,18.34744,-64.66539,15.6,STJ_east_15,BMU,NCRMP,4884,Not Recovered,8/14/17,not recovered,NA,O. faveolata,5x2x1,16.7448,32.7916,NA,NA,NA,NA,NA,NA,NA,NA,NA,NA,NA,NA,NA,Prescan Blocks not CT'd
STJ,south,Tektite,18.30976,-64.72299,15.7,STJ_south_15,BMU,NCRMP,4885,SUCCESSFULLY RECOVERED,8/14/17,2/1/22,4.471232877,O. faveolata,5x2x1,14.3163,30.1297,NA,NA,NA,21.5517,19.5087,2.252695084,1.45685334,0.303274155,0.067827859,NA,NA,0.256633759,0.057396643,Prescan Blocks not CT'd
STJ,south,Tektite,18.30976,-64.72299,15.7,STJ_south_15,BMU,NCRMP,4886,SUCCESSFULLY RECOVERED,8/14/17,2/1/22,4.471232877,O. faveolata,5x2x1,16.5113,32.681,NA,NA,NA,23.481,22.0829,4.091274261,1.4662787,0.792551994,0.177255808,NA,NA,0.145371437,0.032512607,Prescan Blocks not CT'd
STJ,south,Tektite,18.30976,-64.72299,15.7,STJ_south_15,BMU,NCRMP,4887,SUCCESSFULLY RECOVERED,8/14/17,2/1/22,4.471232877,O. faveolata,5x2x1,14.8375,30.6852,NA,NA,NA,32.1038,30.0303,8.620499611,1.55176564,0.696018219,0.155665839,NA,NA,0.804327965,0.179889526,Prescan Blocks not CT'd
STJ,south,Tektite,18.30976,-64.72299,15.7,STJ_south_15,BMU,NCRMP,4888,SUCCESSFULLY RECOVERED,8/14/17,2/1/22,4.471232877,O. faveolata,5x2x1,14.7123,30.7878,NA,NA,NA,32.0866,30.0359,7.965620041,1.58757372,0.270195007,0.060429643,NA,NA,0.619199753,0.138485239,Prescan Blocks not CT'd
STJ,south,Tektite,18.30976,-64.72299,15.7,STJ_south_15,BMU,NCRMP,4889,SUCCESSFULLY RECOVERED,8/14/17,2/1/22,4.471232877,O. faveolata,5x2x1,15.9986,32.1224,NA,NA,NA,31.9267,28.0821,7.296578407,1.46981937,1.671853065,0.373913216,NA,NA,1.075055122,0.240438186,Prescan Blocks not CT'd
STT,south,Brewer's Bay,18.34435,-64.98433,10,STT_south_15,BMU,NCRMP,4890,SUCCESSFULLY RECOVERED,8/15/17,12/17/22,5.342465753,O. faveolata,5x2x1,15.9858,31.916,NA,NA,NA,32.9469,30.5426,7.871635437,1.64834758,0.327830315,0.06136311,NA,NA,1.072840691,0.20081377,Prescan Blocks not CT'd
STT,south,Brewer's Bay,18.34435,-64.98433,10,STT_south_15,BMU,NCRMP,4891,SUCCESSFULLY RECOVERED,8/15/17,12/17/22,5.342465753,O. faveolata,5x2x1,15.4686,31.5443,NA,NA,NA,32.7609,27.1113,7.070955276,1.60629606,0.591047287,0.110631928,NA,NA,0.140324593,0.026265885,Prescan Blocks not CT'd
STT,south,Brewer's Bay,18.34435,-64.98433,10,STT_south_15,BMU,NCRMP,4892,SUCCESSFULLY RECOVERED,8/15/17,12/17/22,5.342465753,O. faveolata,5x2x1,15.9277,32.0568,NA,NA,NA,29.0881,25.9031,5.709474564,1.64483757,0.349339485,0.065389186,NA,NA,0.572645187,0.107187433,Prescan Blocks not CT'd
STT,south,Brewer's Bay,18.34435,-64.98433,10,STT_south_15,BMU,NCRMP,4893,SUCCESSFULLY RECOVERED,8/15/17,12/17/22,5.342465753,O. faveolata,5x2x1,15.2003,30.8491,NA,NA,NA,32.2477,29.5646,8.374259949,1.61530009,0.235957146,0.044166338,NA,NA,0.61885643,0.115837229,Prescan Blocks not CT'd
STT,south,Brewer's Bay,18.34435,-64.98433,10,STT_south_15,BMU,NCRMP,4894,SUCCESSFULLY RECOVERED,8/15/17,12/17/22,5.342465753,O. faveolata,5x2x1,15.8521,32.0597,NA,NA,NA,32.7938,28.5143,6.841418266,1.57992405,0.766201973,0.143417292,NA,NA,1.216040611,0.227617858,Prescan Blocks not CT'd
STJ,west,Steven Cay,18.32802,-64.80903,14.5,STJ_west_15,BMU,NCRMP,4895,Not Recovered,8/15/17,not recovered,NA,O. faveolata,5x2x1,15.4671,31.4529,NA,NA,NA,NA,NA,NA,NA,NA,NA,NA,NA,NA,NA,Prescan Blocks not CT'd
STJ,west,Steven Cay,18.32802,-64.80903,14.5,STJ_west_15,BMU,NCRMP,4896,SUCCESSFULLY RECOVERED,8/15/17,3/28/22,4.619178082,O. faveolata,5x2x1,17.3427,33.6087,NA,NA,NA,33.0501,30.4423,6.945084572,1.5916949,3.235267639,0.700398985,NA,NA,2.974411011,0.643926464,Prescan Blocks not CT'd
STJ,west,Steven Cay,18.32802,-64.80903,14.5,STJ_west_15,BMU,NCRMP,4897,SUCCESSFULLY RECOVERED,8/15/17,3/28/22,4.619178082,O. faveolata,5x2x1,15.218,30.981,NA,NA,NA,30.9122,30.0012,9.51210022,1.51093618,0.78532505,0.170014023,NA,NA,0.043413162,0.00939846,Noted to by buried and not viable
STJ,west,Steven Cay,18.32802,-64.80903,14.5,STJ_west_15,BMU,NCRMP,4898,SUCCESSFULLY RECOVERED,8/15/17,3/28/22,4.619178082,O. faveolata,5x2x1,16.56,32.6612,NA,NA,NA,31.8264,29.3533,7.54486084,1.63514488,1.04884243,0.227062566,NA,NA,0.766785622,0.166000446,Prescan Blocks not CT'd
STJ,west,Steven Cay,18.32802,-64.80903,14.5,STJ_west_15,BMU,NCRMP,4899,SUCCESSFULLY RECOVERED,8/15/17,3/28/22,4.619178082,O. faveolata,5x2x1,14.9265,30.8493,NA,NA,NA,34.6383,30.7968,7.82946682,1.52146411,0.729389191,0.15790454,NA,NA,2.196699142,0.475560609,Prescan Blocks not CT'd
STX,west,Sprat Hole,17.7338,-64.89639,15,STX_west_15,BMU,NCRMP,6416,SUCCESSFULLY RECOVERED,9/12/19,9/7/22,2.989041096,O. faveolata,5x2x1,15.9724,31.4093,11.00426674,1.451473358,1.52964503,32.8099,30.5451,9.039971352,1.57994468,0.041121483,0.013757416,1.923173905,0.643408318,0.625731468,0.209341875,
STX,west,Sprat Hole,17.7338,-64.89639,15,STX_west_15,BMU,NCRMP,6417,SUCCESSFULLY RECOVERED,9/12/19,9/7/22,2.989041096,O. faveolata,5x2x1,11.2581,26.811,10.07922649,1.116960712,1.205544106,22.9975,21.2506,4.103196144,1.34646444,0.032504082,0.010874418,5.943526264,1.988439126,0.249157906,0.083357136,
STX,west,Sprat Hole,17.7338,-64.89639,15,STX_west_15,BMU,NCRMP,6418,SUCCESSFULLY RECOVERED,9/12/19,9/7/22,2.989041096,O. faveolata,5x2x1,13.1015,28.6904,11.91806316,1.099297749,1.190285989,27.1105,25.2262,7.213391304,1.254772784,0.047241211,0.015804805,4.657430645,1.558168823,0.488333702,0.163374703,
STX,west,Sprat Hole,17.7338,-64.89639,15,STX_west_15,BMU,NCRMP,6419,SUCCESSFULLY RECOVERED,9/12/19,9/7/22,2.989041096,O. faveolata,5x2x1,17.5938,33.0531,11.70125484,1.503582329,1.59620376,32.9211,29.8602,8.835033417,1.57137178,0.644202232,0.21552137,2.222019191,0.743388638,0.20716095,0.069306826,
STX,west,Sprat Hole,17.7338,-64.89639,15,STX_west_15,BMU,NCRMP,6420,SUCCESSFULLY RECOVERED,9/12/19,9/7/22,2.989041096,O. faveolata,5x2x1,16.2181,31.7312,11.39140606,1.423713624,1.51880091,34.1496,30.9583,9.326920509,1.50815016,0.043061256,0.014406378,2.021424295,0.676278522,0.76563549,0.256147529,
STX,north,Salt River,17.78532,-64.75953,15,STX_north_15,BMU,NCRMP,6421,SUCCESSFULLY RECOVERED,9/11/19,9/5/22,2.98630137,O. faveolata,5x2x1,12.6411,28.1309,10.54365635,1.19892944,1.29860779,31.897,28.4671,9.423325539,1.306192026,0.146504402,0.049058814,0.973826409,0.326097834,0.78026104,0.261280073,
STX,north,Salt River,17.78532,-64.75953,15,STX_north_15,BMU,NCRMP,6422,SUCCESSFULLY RECOVERED,9/11/19,9/5/22,2.98630137,O. faveolata,5x2x1,17.557,33.0114,11.89870834,1.47553831,1.56668112,29.6155,27.1305,6.935342789,1.55776553,4.627510071,1.54957906,0.33585548,0.112465367,0.764785767,0.256097986,
STX,north,Salt River,17.78532,-64.75953,15,STX_north_15,BMU,NCRMP,6423,SUCCESSFULLY RECOVERED,9/11/19,9/5/22,2.98630137,O. faveolata,5x2x1,12.3683,27.9151,11.07052803,1.117227649,1.210473625,30.8168,28.1214,9.780055046,1.236175359,0.282099724,0.094464586,1.00837326,0.337666275,0.553178787,0.185238768,
STX,north,Salt River,17.78532,-64.75953,15,STX_north_15,BMU,NCRMP,6424,SUCCESSFULLY RECOVERED,9/11/19,9/5/22,2.98630137,O. faveolata,5x2x1,13.1351,28.6674,10.47958374,1.253399021,1.35286591,32.1506,29.6663,9.335400581,1.36470161,0.358523369,0.12005599,0.78565979,0.263087911,1.052687645,0.352505496,
STX,north,Salt River,17.78532,-64.75953,15,STX_north_15,BMU,NCRMP,6425,SUCCESSFULLY RECOVERED,9/11/19,9/5/22,2.98630137,O. faveolata,5x2x1,16.128,31.691,10.98272324,1.468488247,1.5074208,36.6671,33.3254,9.9773283,1.53841347,0.274400711,0.091886477,0.730994229,0.244782471,1.467567444,0.491433135,
STX,north,Salt River,17.78532,-64.75953,15,STX_north_15,BMU,NCRMP,6426,SUCCESSFULLY RECOVERED,9/11/19,9/5/22,2.98630137,O. faveolata,5x2x1,8.4881,23.769,8.948578835,0.94854168,1.029425275,24.7633,21.9781,5.015421867,1.121865709,0.449598312,0.150553563,3.483558656,1.166512761,0.81768322,0.273811353,
STX,north,Salt River,17.78532,-64.75953,15,STX_north_15,BMU,NCRMP,6427,SUCCESSFULLY RECOVERED,9/11/19,9/5/22,2.98630137,O. faveolata,5x2x1,11.8489,27.4253,10.83964348,1.093107907,1.193120898,31.8462,27.571,8.333301544,1.245665819,0.306535721,0.102647283,2.199806215,0.736632356,1.277529716,0.427796648,
STX,north,Salt River,17.78532,-64.75953,15,STX_north_15,BMU,NCRMP,6428,SUCCESSFULLY RECOVERED,9/11/19,9/5/22,2.98630137,O. faveolata,5x2x1,17.9841,33.5751,12.83194542,1.401510014,1.49538143,37.6452,35.1297,11.70480824,1.51012451,0.31727314,0.10624284,0.80986404,0.271193004,1.347327232,0.451169211,
STX,north,Salt River,17.78532,-64.75953,15,STX_north_15,BMU,NCRMP,6429,SUCCESSFULLY RECOVERED,9/11/19,9/5/22,2.98630137,O. faveolata,5x2x1,16.8411,32.2405,12.04959869,1.397648207,1.49117415,35.1948,33.5336,11.43054485,1.51106629,0.091358185,0.03059242,0.527695655,0.176705426,0.784226418,0.262607929,
STX,north,Salt River,17.78532,-64.75953,15,STX_north_15,BMU,NCRMP,6430,SUCCESSFULLY RECOVERED,9/11/19,9/5/22,2.98630137,O. faveolata,5x2x1,17.2922,32.8795,11.46706581,1.507988206,1.58286778,32.4591,29.9683,7.431598663,1.68244701,0.152804375,0.051168437,3.882662772,1.300157717,1.215860367,0.407145903,
STX,west,Sprat Hole,17.7338,-64.89639,15,STX_west_15,BMU,NCRMP,6431,SUCCESSFULLY RECOVERED,9/12/19,9/7/22,2.989041096,O. faveolata,5x2x1,15.6896,31.2084,11.24570847,1.395163323,1.47818103,31.6463,29.7466,8.690322876,1.53782619,0.357493401,0.119601367,2.197892193,0.73531682,0.540458679,0.180813399,
STX,west,Sprat Hole,17.7338,-64.89639,15,STX_west_15,BMU,NCRMP,6432,SUCCESSFULLY RECOVERED,9/12/19,9/7/22,2.989041096,O. faveolata,5x2x1,19.5609,34.7335,11.8415451,1.651887472,1.70037524,37.6492,34.9424,10.46267509,1.74884047,0.083324432,0.027876643,1.295545578,0.433431839,0.772639275,0.258490683,
STX,west,Sprat Hole,17.7338,-64.89639,15,STX_west_15,BMU,NCRMP,6433,SUCCESSFULLY RECOVERED,9/12/19,9/7/22,2.989041096,O. faveolata,5x2x1,11.5178,27.0024,11.60199165,0.992743345,1.084072525,24.2861,21.8891,5.35392952,1.167611905,0.298304558,0.099799417,5.949757572,1.990523844,0.169369698,0.056663556,
STX,west,Sprat Hole,17.7338,-64.89639,15,STX_west_15,BMU,NCRMP,6434,SUCCESSFULLY RECOVERED,9/12/19,9/7/22,2.989041096,O. faveolata,5x2x1,15.5061,30.816,10.89174271,1.423656472,1.52359892,31.6297,29.8268,8.866001129,1.53718513,0.012145042,0.00406319,2.013596539,0.673659704,0.590369225,0.197511244,
STX,west,Sprat Hole,17.7338,-64.89639,15,STX_west_15,BMU,NCRMP,6435,SUCCESSFULLY RECOVERED,9/12/19,9/7/22,2.989041096,O. faveolata,5x2x1,13.5761,29.0079,9.974684715,1.361055551,1.4472824,32.2614,29.6513,8.60796833,1.48932585,0.296768189,0.099285416,1.069948197,0.357957004,1.004407883,0.336030135,
STX,east,East/Lang Bank,17.82805,-64.46711,15,STX_east_15,BMU,NCRMP,6436,SUCCESSFULLY RECOVERED,9/9/19,9/8/22,3,O. faveolata,5x2x1,10.8965,26.52,9.868040085,1.104221295,1.215441987,24.9247,21.6316,4.490206718,1.268692045,0.337022781,0.112340927,5.040810586,1.680270195,0.427248001,0.142416,
STX,east,East/Lang Bank,17.82805,-64.46711,15,STX_east_15,BMU,NCRMP,6437,SUCCESSFULLY RECOVERED,9/9/19,9/8/22,3,O. faveolata,5x2x1,13.4719,29.071,10.14922142,1.327382608,1.43432932,31.1451,29.8402,8.958869934,1.42423411,0.405155182,0.135051727,0.785196304,0.261732101,1.039744377,0.346581459,
STX,east,East/Lang Bank,17.82805,-64.46711,15,STX_east_15,BMU,NCRMP,6438,SUCCESSFULLY RECOVERED,9/9/19,9/8/22,3,O. faveolata,5x2x1,14.3041,29.9047,11.51946545,1.241732966,1.33924503,28.0075,25.7061,6.989132881,1.3983843,0.623731613,0.207910538,3.906600956,1.302200319,0.502461433,0.167487144,
STX,east,East/Lang Bank,17.82805,-64.46711,15,STX_east_15,BMU,NCRMP,6439,SUCCESSFULLY RECOVERED,9/9/19,9/8/22,3,O. faveolata,5x2x1,14.3984,29.7164,11.61486626,1.239652673,1.33733711,27.4052,25.2966,7.116797447,1.38162,1.118382454,0.372794151,3.379686359,1.12656212,0.218833923,0.072944641,
STX,east,East/Lang Bank,17.82805,-64.46711,15,STX_east_15,BMU,NCRMP,6440,Not Recovered,9/9/19,not recovered,NA,O. faveolata,5x2x1,16.3658,31.8636,11.7372179,1.394350871,1.48105348,NA,NA,NA,NA,NA,NA,NA,NA,NA,NA,
STX,south,South,17.70121,-64.64793,15,STX_south_15,BMU,NCRMP,6441,SUCCESSFULLY RECOVERED,9/10/19,9/8/22,2.997260274,O. faveolata,5x2x1,14.0451,29.5441,10.71583271,1.310686755,1.39618065,37.6081,30.0025,10.00559235,1.39321606,0.317676544,0.105988975,0.392563816,0.130974216,0.658844948,0.219815728,
STX,south,South,17.70121,-64.64793,15,STX_south_15,BMU,NCRMP,6442,SUCCESSFULLY RECOVERED,9/10/19,9/8/22,2.997260274,O. faveolata,5x2x1,13.8734,29.3453,11.4021349,1.216737052,1.31418615,19.2559,17.6636,1.332135201,1.38161272,0.207203865,0.069131088,9.862795834,3.290603729,0.01599884,0.005337821,
STX,south,South,17.70121,-64.64793,15,STX_south_15,BMU,NCRMP,6443,SUCCESSFULLY RECOVERED,9/10/19,9/8/22,2.997260274,O. faveolata,5x2x1,12.7798,28.393,10.73372841,1.190620771,1.286862154,28.2553,25.431,7.063745499,1.319063548,2.314106941,0.772074071,1.35587597,0.452371782,0.444551468,0.148319274,
STX,south,South,17.70121,-64.64793,15,STX_south_15,BMU,NCRMP,6444,SUCCESSFULLY RECOVERED,9/10/19,9/8/22,2.997260274,O. faveolata,5x2x1,21.0796,36.3879,12.87310123,1.637491978,1.68477707,45.7615,38.746,12.03526497,1.69231941,0.306612968,0.102297745,0.531223292,0.17723629,2.340019226,0.780719394,
STX,south,South,17.70121,-64.64793,15,STX_south_15,BMU,NCRMP,6445,SUCCESSFULLY RECOVERED,9/10/19,9/8/22,2.997260274,O. faveolata,5x2x1,12.8136,28.288,11.03160381,1.16153555,1.264438144,32.7906,29.0445,9.857894897,1.261630991,0.472369194,0.157600325,0.701339719,0.233993599,0.900595665,0.30047296,
STX,east,East/Lang Bank,17.82805,-64.46711,15,STX_east_15,BMU,NCRMP,6446,SUCCESSFULLY RECOVERED,9/9/19,9/8/22,3,O. faveolata,5x2x1,14.7233,30.062,12.09448814,1.21735619,1.299449036,30.0773,26.7538,8.611221313,1.3341845,0.43938446,0.146461487,3.043882367,1.014627456,0.278391838,0.092797279,
STX,east,East/Lang Bank,17.82805,-64.46711,15,STX_east_15,BMU,NCRMP,6447,SUCCESSFULLY RECOVERED,9/9/19,9/8/22,3,O. faveolata,5x2x1,11.7081,27.4652,11.59491062,1.009761988,1.101253416,28.8486,25.6484,8.270610809,1.159401815,0.209984779,0.069994926,3.114315032,1.038105011,0.496315956,0.165438652,
STX,east,East/Lang Bank,17.82805,-64.46711,15,STX_east_15,BMU,NCRMP,6448,SUCCESSFULLY RECOVERED,9/9/19,9/8/22,3,O. faveolata,5x2x1,15.596,30.7287,12.15740204,1.282839866,1.3724349,28.5979,25.1268,7.028580666,1.43748616,0.457597733,0.152532578,4.671223642,1.557074547,0.209109306,0.069703102,
STX,east,East/Lang Bank,17.82805,-64.46711,15,STX_east_15,BMU,NCRMP,6449,SUCCESSFULLY RECOVERED,9/9/19,9/8/22,3,O. faveolata,5x2x1,14.5096,29.863,11.21695518,1.293541765,1.38785821,33.5245,28.0272,8.64399147,1.43114997,0.201272965,0.067090988,2.371690746,0.790563582,0.685315132,0.228438377,
STX,east,East/Lang Bank,17.82805,-64.46711,15,STX_east_15,BMU,NCRMP,6450,SUCCESSFULLY RECOVERED,9/9/19,9/8/22,3,O. faveolata,5x2x1,16.3309,31.8345,10.63347816,1.535800399,1.5824321,36.2444,29.3514,8.022542953,1.55115531,1.154405594,0.384801865,1.456529613,0.485509871,1.636362076,0.545454025,
STX,south,South,17.70121,-64.64793,15,STX_south_15,BMU,NCRMP,6451,SUCCESSFULLY RECOVERED,9/10/19,9/8/22,2.997260274,O. faveolata,5x2x1,16.3125,31.567,11.85253143,1.376288272,1.47320438,34.0333,31.2481,10.10514736,1.49793592,0.56672287,0.189080299,1.1806612,0.393913472,0.661282539,0.220629001,
STX,south,South,17.70121,-64.64793,15,STX_south_15,BMU,NCRMP,6452,SUCCESSFULLY RECOVERED,9/10/19,9/8/22,2.997260274,O. faveolata,5x2x1,13.3178,29.1088,11.41427994,1.166766548,1.260710161,32.4425,28.7713,9.510907173,1.259180865,0.292390823,0.097552697,1.610981944,0.537484835,0.833167076,0.277976218,
STX,south,South,17.70121,-64.64793,15,STX_south_15,BMU,NCRMP,6453,SUCCESSFULLY RECOVERED,9/10/19,9/8/22,2.997260274,O. faveolata,5x2x1,11.3844,27.2519,11.28390312,1.008906216,1.098901556,19.4325,17.7947,1.353944778,1.37392952,0.007012367,0.002339592,9.922945975,3.310672103,0.924928665,0.308591374,
STX,south,South,17.70121,-64.64793,15,STX_south_15,BMU,NCRMP,6454,SUCCESSFULLY RECOVERED,9/10/19,9/8/22,2.997260274,O. faveolata,5x2x1,13.9269,29.1241,11.35140896,1.226887345,1.314155,31.5453,28.4105,9.639018059,1.3311094,0.293352127,0.097873424,1.419038774,0.473445295,0.141406059,0.047178438,
FLK,upper,UKO1,24.9025,-80.53104,15,FLK_upper_14,BMU,BMUQuest,6501,SUCCESSFULLY RECOVERED,1/7/20,1/11/23,3.01369863,O. faveolata,5x2x1,15.0077,30.4856,10.86957264,1.380707457,1.40505458,36.0542,32.9871,10.00243378,1.521054,0.059635162,0.019788031,0.807503698,0.267944409,0.579116821,0.192161491,
FLK,upper,UKO1,24.9025,-80.53104,15,FLK_upper_14,BMU,BMUQuest,6502,SUCCESSFULLY RECOVERED,1/7/20,1/11/23,3.01369863,O. faveolata,5x2x1,16.1963,31.9716,12.31342506,1.315336709,1.34679512,37.9071,32.9902,10.46448612,1.46013678,0.124497414,0.041310505,1.724441526,0.572201052,1.26693821,0.420393133,
FLK,upper,UKO1,24.9025,-80.53104,15,FLK_upper_14,BMU,BMUQuest,6503,SUCCESSFULLY RECOVERED,1/7/20,1/11/23,3.01369863,O. faveolata,5x2x1,13.6198,29.42,11.22370148,1.213485589,1.247779105,34.7319,31.1722,9.277645111,1.3832506,0.607655525,0.201631152,1.338400844,0.444105735,1.20451355,0.399679496,
FLK,upper,UKO1,24.9025,-80.53104,15,FLK_upper_14,BMU,BMUQuest,6504,SUCCESSFULLY RECOVERED,1/7/20,1/11/23,3.01369863,O. faveolata,5x2x1,13.8113,29.5094,11.58513451,1.192157069,1.222711426,34.6461,29.5283,8.261873245,1.40147076,0.256221771,0.085019042,3.067039494,1.017699468,1.616200447,0.536284694,
FLK,upper,UKO1,24.9025,-80.53104,15,FLK_upper_14,BMU,BMUQuest,6505,SUCCESSFULLY RECOVERED,1/7/20,1/11/23,3.01369863,O. faveolata,5x2x1,16.3913,31.1693,11.81746101,1.387040751,1.41212542,34.6729,32.4938,9.946077347,1.53872949,0.033946037,0.011263912,1.837437626,0.609695212,1.712124825,0.568114146,
FLK,upper,UKO1,24.9025,-80.53104,15,FLK_upper_14,BMU,BMUQuest,6506,SUCCESSFULLY RECOVERED,1/7/20,1/11/23,3.01369863,O. faveolata,5x2x1,15.1661,30.9883,11.2847271,1.343949204,1.36565935,34.8466,32.0992,9.746520996,1.49449551,0.060845375,0.020189602,1.477360729,0.490215151,1.280199051,0.424793321,
FLK,upper,UKO1,24.9025,-80.53104,15,FLK_upper_14,BMU,BMUQuest,6507,SUCCESSFULLY RECOVERED,1/7/20,1/11/23,3.01369863,O. faveolata,5x2x1,17.1781,32.725,11.60647202,1.480044924,1.50570975,38.2735,34.8006,10.58275223,1.61024667,0.106884956,0.035466372,0.916834834,0.304222468,1.569087982,0.520651921,
FLK,upper,UKO1,24.9025,-80.53104,15,FLK_upper_14,BMU,BMUQuest,6508,SUCCESSFULLY RECOVERED,1/7/20,1/11/23,3.01369863,O. faveolata,5x2x1,14.4908,30.1053,11.93891144,1.213745497,1.245790195,30.5757,27.8454,7.166665077,1.39822157,0.210122109,0.069722336,4.562124255,1.513795775,1.345739365,0.446540789,
FLK,upper,UKO1,24.9025,-80.53104,15,FLK_upper_14,BMU,BMUQuest,6509,SUCCESSFULLY RECOVERED,1/7/20,1/11/23,3.01369863,O. faveolata,5x2x1,14.0061,29.671,11.06956673,1.265279874,1.303581803,31.8298,29.2001,8.224914551,1.42677506,0.049198151,0.016324841,2.795454028,0.927582473,1.272517204,0.422244345,
FLK,upper,UKO1,24.9025,-80.53104,15,FLK_upper_14,BMU,BMUQuest,6510,SUCCESSFULLY RECOVERED,1/7/20,1/11/23,3.01369863,O. faveolata,5x2x1,15.6388,31.1018,12.10354328,1.292084445,1.321857767,36.0118,31.364,9.311067581,1.4425035,0.166571617,0.055271491,2.625904082,0.871322718,1.440668106,0.478039872,
FLK,upper,UKO3,24.88266,-80.56088,15,FLK_upper_13,BMU,BMUQuest,6511,SUCCESSFULLY RECOVERED,1/7/20,1/11/23,3.01369863,O. faveolata,5x2x1,15.9356,31.4454,11.3361311,1.405735331,1.4380463,37.9211,33.4836,10.48247623,1.50865378,0.385954857,0.128066839,0.467700013,0.155191368,1.629203796,0.540599441,
FLK,upper,UKO3,24.88266,-80.56088,15,FLK_upper_13,BMU,BMUQuest,6512,SUCCESSFULLY RECOVERED,1/7/20,1/11/23,3.01369863,O. faveolata,5x2x1,18.3105,33.8311,11.52939606,1.588157776,1.57932751,39.6013,34.9874,10.72194386,1.62969855,0.003107071,0.001030983,0.804345129,0.266896338,1.472331047,0.488546211,
FLK,upper,UKO3,24.88266,-80.56088,15,FLK_upper_13,BMU,BMUQuest,6513,SUCCESSFULLY RECOVERED,1/7/20,1/11/23,3.01369863,O. faveolata,5x2x1,15.6947,31.3694,11.14605904,1.408094102,1.44363923,35.9808,32.4213,10.37241554,1.48959901,0.151963234,0.050424164,0.621680266,0.206284816,1.166567802,0.387088407,
FLK,upper,UKO3,24.88266,-80.56088,15,FLK_upper_13,BMU,BMUQuest,6514,SUCCESSFULLY RECOVERED,1/7/20,1/11/23,3.01369863,O. faveolata,5x2x1,13.1914,28.9332,10.50886917,1.25526351,1.26908289,29.4576,25.6084,6.999381065,1.37777002,0.052073479,0.017278927,3.457414626,1.147233035,0.508538246,0.168742236,
FLK,upper,UKO3,24.88266,-80.56088,15,FLK_upper_13,BMU,BMUQuest,6515,SUCCESSFULLY RECOVERED,1/7/20,1/11/23,3.01369863,O. faveolata,5x2x1,15.1336,30.5027,10.24477673,1.477201544,1.45081815,33.4888,30.2149,12.24038315,1.3763836,0.172416687,0.057210992,-2.168023107,-0.719389486,0.661763191,0.219585059,
FLK,upper,UKO3,24.88266,-80.56088,15,FLK_upper_13,BMU,BMUQuest,6516,SUCCESSFULLY RECOVERED,1/7/20,1/11/23,3.01369863,O. faveolata,5x2x1,15.7692,31.2175,11.24657536,1.402133494,1.39793896,35.784,32.2926,9.942232132,1.48814133,0.188012123,0.062385841,1.116331105,0.370418958,1.580125809,0.524314473,
FLK,upper,UKO3,24.88266,-80.56088,15,FLK_upper_13,BMU,BMUQuest,6517,SUCCESSFULLY RECOVERED,1/7/20,1/11/23,3.01369863,O. faveolata,5x2x1,16.9511,32.397,11.46744347,1.478193465,1.46188851,38.4906,34.5233,10.59990978,1.51030606,0.121081352,0.040176994,0.746452338,0.247686458,1.751409531,0.581149526,
FLK,upper,UKO3,24.88266,-80.56088,15,FLK_upper_13,BMU,BMUQuest,6518,SUCCESSFULLY RECOVERED,1/7/20,1/11/23,3.01369863,O. faveolata,5x2x1,19.5041,34.9992,11.63975716,1.675644924,1.63677553,38.6681,36.0857,10.63719463,1.74360871,0.151499748,0.050270371,0.851062782,0.282398105,1.282859802,0.425676207,
FLK,upper,UKO3,24.88266,-80.56088,15,FLK_upper_13,BMU,BMUQuest,6519,SUCCESSFULLY RECOVERED,1/7/20,1/11/23,3.01369863,O. faveolata,5x2x1,16.6312,32.2295,11.04085636,1.506332431,1.48746154,37.3851,31.3445,9.286588669,1.49401461,0.264676094,0.08782434,1.489591597,0.494273575,1.041975975,0.345746574,
FLK,upper,UKO3,24.88266,-80.56088,15,FLK_upper_13,BMU,BMUQuest,6520,SUCCESSFULLY RECOVERED,1/7/20,1/11/23,3.01369863,O. faveolata,5x2x1,17.5166,32.932,11.24705601,1.557438674,1.53950619,37.9932,34.243,10.37947941,1.64455836,0.160778046,0.053349079,0.706798554,0.234528611,1.372449875,0.455403822,
FLK,upper,UKI1 (Cheeca),24.89742,-80.61573,5,FLK_upper_4,BMU,BMUQuest,6521,SUCCESSFULLY RECOVERED,1/7/20,1/11/23,3.01369863,O. faveolata,5x2x1,15.8228,31.5009,11.97133827,1.321723574,1.35096999,37.7275,32.945,10.84998608,1.43326371,0.136642456,0.045340451,0.984709734,0.326744594,1.098160744,0.364389701,
FLK,upper,UKI1 (Cheeca),24.89742,-80.61573,5,FLK_upper_4,BMU,BMUQuest,6522,SUCCESSFULLY RECOVERED,1/7/20,1/11/23,3.01369863,O. faveolata,5x2x1,16.6344,32.1467,12.43591404,1.33760976,1.36569379,39.4126,35.366,10.86491203,1.46106204,0.016805649,0.00557642,1.554196361,0.515710611,2.47727108,0.822003586,
FLK,upper,UKI1 (Cheeca),24.89742,-80.61573,5,FLK_upper_4,BMU,BMUQuest,6523,SUCCESSFULLY RECOVERED,1/7/20,1/11/23,3.01369863,O. faveolata,5x2x1,17.3009,32.927,11.96227455,1.44628849,1.47943735,36.4281,34.2795,10.29134846,1.55090858,0.096988678,0.032182607,1.573937412,0.52226105,1.456546783,0.483308705,
FLK,upper,UKI1 (Cheeca),24.89742,-80.61573,5,FLK_upper_4,BMU,BMUQuest,6524,SUCCESSFULLY RECOVERED,1/7/20,1/11/23,3.01369863,O. faveolata,5x2x1,17.2783,32.7397,11.34004498,1.523653568,1.54929091,35.4232,32.6779,8.675860405,1.69744315,0.00399971,0.001327177,2.660184865,0.882697705,1.350683212,0.448181248,
FLK,upper,UKI1 (Cheeca),24.89742,-80.61573,5,FLK_upper_4,BMU,BMUQuest,6525,SUCCESSFULLY RECOVERED,1/7/20,1/11/23,3.01369863,O. faveolata,5x2x1,13.9347,29.5457,10.760602,1.294974017,1.317369248,31.8515,29.5386,8.741658211,1.43853618,0.007596016,0.002520496,2.011347773,0.667401761,0.867679596,0.287911866,
FLK,upper,UKI1 (Cheeca),24.89742,-80.61573,5,FLK_upper_4,BMU,BMUQuest,6526,SUCCESSFULLY RECOVERED,1/7/20,1/11/23,3.01369863,O. faveolata,5x2x1,17.5912,33.1562,11.55429554,1.522481396,1.5441156,41.6441,37.3345,9.879095078,1.68580068,0,0,1.675200462,0.555861971,3.077570915,1.021193985,
FLK,upper,UKI1 (Cheeca),24.89742,-80.61573,5,FLK_upper_4,BMU,BMUQuest,6527,SUCCESSFULLY RECOVERED,1/7/20,1/11/23,3.01369863,O. faveolata,5x2x1,14.4669,30.1463,11.6788702,1.238724273,1.26716732,32.1534,28.6991,7.131397247,1.38971804,0.000171661,5.69604E-05,4.547301292,1.508877247,2.220088005,0.736665565,
FLK,upper,UKI1 (Cheeca),24.89742,-80.61573,5,FLK_upper_4,BMU,BMUQuest,6528,SUCCESSFULLY RECOVERED,1/7/20,1/11/23,3.01369863,O. faveolata,5x2x1,15.2214,30.3454,11.41613388,1.333323537,1.36204679,33.9545,30.3171,10.18792248,1.44039559,0.013724327,0.004553981,1.214487073,0.402988892,0.402159691,0.133443897,
FLK,upper,UKI1 (Cheeca),24.89742,-80.61573,5,FLK_upper_4,BMU,BMUQuest,6529,SUCCESSFULLY RECOVERED,1/7/20,1/11/23,3.01369863,O. faveolata,5x2x1,17.5229,33.0391,11.3457613,1.54444462,1.56821604,42.5161,37.8069,10.56863308,1.67243537,0.00766468,0.00254328,0.76946354,0.255321993,3.177400589,1.054319286,
FLK,upper,UKI1 (Cheeca),24.89742,-80.61573,5,FLK_upper_4,BMU,BMUQuest,6530,SUCCESSFULLY RECOVERED,1/7/20,1/11/23,3.01369863,O. faveolata,5x2x1,14.1754,29.7345,12.10704517,1.170838946,1.207601268,28.3147,26.0051,7.746683121,1.309906056,0,0,4.360362049,1.446847407,0.142195702,0.047183119,
FLK,upper,UKI2,24.95375,-80.54806,5,FLK_upper_3,BMU,BMUQuest,6531,Base Only,1/7/20,1/11/23,3.01369863,O. faveolata,5x2x1,11.288,26.7028,10.52696228,1.072294143,1.117441149,NA,NA,NA,NA,NA,NA,NA,NA,NA,NA,
FLK,upper,UKI2,24.95375,-80.54806,5,FLK_upper_3,BMU,BMUQuest,6532,SUCCESSFULLY RECOVERED,1/7/20,1/11/23,3.01369863,O. faveolata,5x2x1,11.3312,26.9912,10.36225319,1.093507348,1.118374515,29.2559,26.1092,7.955286026,1.220778332,0.158743858,0.052674098,2.248223306,0.74600137,0.458456039,0.152124049,
FLK,upper,UKI2,24.95375,-80.54806,5,FLK_upper_3,BMU,BMUQuest,6533,SUCCESSFULLY RECOVERED,1/7/20,1/11/23,3.01369863,O. faveolata,5x2x1,17.3271,32.9548,11.22914314,1.543047389,1.55349952,34.677,32.4888,9.710343361,1.63541937,0.686997414,0.227958233,0.831802365,0.276007149,0.604162216,0.200472008,
FLK,upper,UKI2,24.95375,-80.54806,5,FLK_upper_3,BMU,BMUQuest,6534,SUCCESSFULLY RECOVERED,1/7/20,1/11/23,3.01369863,O. faveolata,5x2x1,18.1109,33.6059,11.72696114,1.544381343,1.5653326,36.354,33.2055,10.47421074,1.64783814,0.078474998,0.026039431,1.174275402,0.389645929,0.391044617,0.129755714,
FLK,upper,UKI2,24.95375,-80.54806,5,FLK_upper_3,BMU,BMUQuest,6535,SUCCESSFULLY RECOVERED,1/7/20,1/11/23,3.01369863,O. faveolata,5x2x1,14.8047,30.2152,9.887309074,1.497343705,1.53258856,34.5644,30.7136,9.138659477,1.57905831,0.057506561,0.019081723,0.691143036,0.229333825,0.560714722,0.186055339,
FLK,upper,UKI2,24.95375,-80.54806,5,FLK_upper_3,BMU,BMUQuest,6536,SUCCESSFULLY RECOVERED,1/7/20,1/11/23,3.01369863,O. faveolata,5x2x1,11.2043,26.8092,10.39136696,1.078231578,1.118014302,31.0992,28.1165,9.309153557,1.241646781,0.571546555,0.189649539,0.510666848,0.169448545,0.890398979,0.29545057,
FLK,upper,UKI2,24.95375,-80.54806,5,FLK_upper_3,BMU,BMUQuest,6537,SUCCESSFULLY RECOVERED,1/7/20,1/11/23,3.01369863,O. faveolata,5x2x1,14.6741,30.059,11.41578197,1.285422237,1.311394384,23.8365,20.4244,3.755221367,1.38142696,0.010565758,0.003505911,7.649994845,2.53840738,0.036083221,0.011973069,
FLK,upper,UKI2,24.95375,-80.54806,5,FLK_upper_3,BMU,BMUQuest,6538,SUCCESSFULLY RECOVERED,1/7/20,1/11/23,3.01369863,O. faveolata,5x2x1,16.4192,31.8739,11.93303204,1.375945354,1.40964756,31.2138,28.7808,8.534711838,1.50974305,0.1617136,0.053659513,3.236606602,1.073964918,0.182982445,0.060716902,
FLK,upper,UKI2,24.95375,-80.54806,5,FLK_upper_3,BMU,BMUQuest,6539,SUCCESSFULLY RECOVERED,1/7/20,1/11/23,3.01369863,O. faveolata,5x2x1,17.3921,32.7227,11.6534214,1.492445815,1.52429937,37.41,34.1993,10.3634119,1.5772913,0.027113914,0.00899689,1.262895586,0.419051717,1.457937241,0.483770085,
FLK,upper,UKI2,24.95375,-80.54806,5,FLK_upper_3,BMU,BMUQuest,6540,SUCCESSFULLY RECOVERED,1/7/20,1/11/23,3.01369863,O. faveolata,5x2x1,13.7822,29.362,11.47113419,1.201467943,1.238882518,25.011,23.0304,5.031729698,1.39596897,1.890489578,0.627298815,4.548914914,1.509412676,0.437839508,0.14528311,
FLK,middle,MKO1,24.63127,-81.09255,6,FLK_middle_6,BMU,BMUQuest,6541,SUCCESSFULLY RECOVERED,1/25/20,10/26/22,2.753424658,O. faveolata,5x2x1,17.2368,32.8345,10.97805405,1.570114332,1.58722161,40.0783,36.5569,10.03029442,1.68776239,0.08309269,0.030177942,0.86466694,0.314033267,2.433634758,0.8838574,
FLK,middle,MKO1,24.63127,-81.09255,6,FLK_middle_6,BMU,BMUQuest,6542,SUCCESSFULLY RECOVERED,1/25/20,10/26/22,2.753424658,O. faveolata,5x2x1,15.5189,31.1586,11.64714718,1.3324207,1.3449948,37.5886,34.0822,9.385954857,1.54256468,0.009020805,0.003276213,2.252171518,0.81795284,1.289279938,0.468245948,
FLK,middle,MKO1,24.63127,-81.09255,6,FLK_middle_6,BMU,BMUQuest,6543,SUCCESSFULLY RECOVERED,1/25/20,10/26/22,2.753424658,O. faveolata,5x2x1,16.0609,31.8483,12.54377747,1.280387829,1.306417142,37.6704,34.4323,13.71549511,1.313951113,0.146770477,0.053304701,-1.318488117,-0.478853893,2.454792023,0.891541381,
FLK,middle,MKO1,24.63127,-81.09255,6,FLK_middle_6,BMU,BMUQuest,6544,SUCCESSFULLY RECOVERED,1/25/20,10/26/22,2.753424658,O. faveolata,5x2x1,17.7457,33.1421,12.0992775,1.466674353,1.48079403,41.3351,36.4746,10.32956028,1.57764833,0.765206337,0.277910759,1.004510883,0.36482236,2.72714138,0.990454332,
FLK,middle,MKO1,24.63127,-81.09255,6,FLK_middle_6,BMU,BMUQuest,6545,Not Recovered,1/25/20,not recovered,NA,O. faveolata,5x2x1,13.8081,29.3431,12.14082813,1.137327689,1.16433026,NA,NA,NA,NA,NA,NA,NA,NA,NA,NA,
FLK,middle,MKO1,24.63127,-81.09255,6,FLK_middle_6,BMU,BMUQuest,6546,Not Recovered,1/25/20,not recovered,NA,O. faveolata,5x2x1,15.8793,31.5212,10.70403957,1.483486668,1.51019438,NA,NA,NA,NA,NA,NA,NA,NA,NA,NA,
FLK,middle,MKO1,24.63127,-81.09255,6,FLK_middle_6,BMU,BMUQuest,6547,SUCCESSFULLY RECOVERED,1/25/20,10/26/22,2.753424658,O. faveolata,5x2x1,11.4735,27.2107,10.62684345,1.079671499,1.108572124,31.9841,28.8025,8.111987114,1.284944219,0.059669495,0.02167101,2.455186841,0.891684773,2.064425468,0.749766464,
FLK,middle,MKO1,24.63127,-81.09255,6,FLK_middle_6,BMU,BMUQuest,6548,Not Recovered,1/25/20,not recovered,NA,O. faveolata,5x2x1,12.4055,27.9404,10.79469395,1.149222021,1.182061701,NA,NA,NA,NA,NA,NA,NA,NA,NA,NA,
FLK,middle,MKO1,24.63127,-81.09255,6,FLK_middle_6,BMU,BMUQuest,6549,Not Recovered,1/25/20,not recovered,NA,O. faveolata,5x2x1,15.4147,31.0129,11.54229641,1.335496807,1.36300622,NA,NA,NA,NA,NA,NA,NA,NA,NA,NA,
FLK,middle,MKO1,24.63127,-81.09255,6,FLK_middle_6,BMU,BMUQuest,6550,SUCCESSFULLY RECOVERED,1/25/20,10/26/22,2.753424658,O. faveolata,5x2x1,15.291,30.4227,10.79048824,1.417081383,1.42640676,33.9472,32.0271,12.73246765,1.37753856,0.026410103,0.009591729,-1.968389513,-0.714887734,2.489922523,0.90430022,
FLK,middle,MKO2,24.63388,-81.08344,5,FLK_middle_5,BMU,BMUQuest,6551,SUCCESSFULLY RECOVERED,1/25/20,10/26/22,2.753424658,O. faveolata,5x2x1,15.4054,30.9487,12.12443447,1.270607717,1.29162609,38.9383,34.6249,11.65908623,1.41447495,0.078354836,0.028457229,0.386993404,0.140549843,1.84468174,0.66995904,
FLK,middle,MKO2,24.63388,-81.08344,5,FLK_middle_5,BMU,BMUQuest,6552,SUCCESSFULLY RECOVERED,1/25/20,10/26/22,2.753424658,O. faveolata,5x2x1,15.1247,30.5519,11.8715601,1.274028002,1.299099479,38.6219,34.1398,11.0445385,1.40319725,0.133629799,0.048532216,0.693391801,0.251828863,2.387114525,0.866961992,
FLK,middle,MKO2,24.63388,-81.08344,5,FLK_middle_5,BMU,BMUQuest,6553,SUCCESSFULLY RECOVERED,1/25/20,10/26/22,2.753424658,O. faveolata,5x2x1,15.3332,30.8983,11.30732632,1.356041169,1.38440542,37.4897,34.7821,10.68513966,1.48003954,0.025474548,0.00925195,0.596712112,0.216716339,2.454010963,0.891257713,
FLK,middle,MKO2,24.63388,-81.08344,5,FLK_middle_5,BMU,BMUQuest,6554,SUCCESSFULLY RECOVERED,1/25/20,10/26/22,2.753424658,O. faveolata,5x2x1,13.5558,29.0729,11.43217564,1.185758549,1.21140098,34.5114,30.6605,9.186304092,1.35231558,0.272254944,0.098878661,1.973616604,0.71678613,1.950184822,0.70827608,
FLK,middle,MKO2,24.63388,-81.08344,5,FLK_middle_5,BMU,BMUQuest,6555,SUCCESSFULLY RECOVERED,1/25/20,10/26/22,2.753424658,O. faveolata,5x2x1,16.2638,31.4417,10.80545712,1.505146873,1.52687866,38.7129,34.6352,10.45013523,1.63439927,0.086345673,0.031359374,0.268976217,0.09768788,1.930675507,0.701190607,
FLK,middle,MKO2,24.63388,-81.08344,5,FLK_middle_5,BMU,BMUQuest,6556,SUCCESSFULLY RECOVERED,1/25/20,10/26/22,2.753424658,O. faveolata,5x2x1,11.8235,27.302,10.31762123,1.145952128,1.180381334,32.9852,27.9749,8.126338005,1.34646666,0.079659462,0.028931048,2.111623763,0.766908133,1.503762245,0.546142507,
FLK,middle,MKO2,24.63388,-81.08344,5,FLK_middle_5,BMU,BMUQuest,6557,SUCCESSFULLY RECOVERED,1/25/20,10/26/22,2.753424658,O. faveolata,5x2x1,16.025,31.6953,12.17978668,1.315704488,1.34521312,38.9074,35.0794,11.06980705,1.44005491,0.315590859,0.114617575,0.794388772,0.288509355,2.534597397,0.920525423,
FLK,middle,MKO2,24.63388,-81.08344,5,FLK_middle_5,BMU,BMUQuest,6558,SUCCESSFULLY RECOVERED,1/25/20,10/26/22,2.753424658,O. faveolata,5x2x1,15.1141,30.7795,11.58491993,1.304635689,1.34023815,36.624,33.2319,10.2829628,1.45448429,0.304982185,0.110764674,0.996974945,0.362085428,1.734294891,0.629868294,
FLK,middle,MKO2,24.63388,-81.08344,5,FLK_middle_5,BMU,BMUQuest,6559,SUCCESSFULLY RECOVERED,1/25/20,10/26/22,2.753424658,O. faveolata,5x2x1,11.6485,27.1359,10.69361115,1.089295266,1.125235873,32.2615,29.2707,9.079092979,1.241923648,0.11400032,0.041403101,1.500517851,0.544964194,1.965471268,0.713827873,
FLK,middle,MKO2,24.63388,-81.08344,5,FLK_middle_5,BMU,BMUQuest,6560,SUCCESSFULLY RECOVERED,1/25/20,10/26/22,2.753424658,O. faveolata,5x2x1,11.6213,27.2089,10.39840508,1.117604085,1.155807848,26.0446,22.4579,5.022794724,1.296152067,0.685752869,0.249054524,4.689857487,1.703281575,0.405695915,0.147342298,
FLK,middle,MKI1,24.68554,-81.04336,3.5,FLK_middle_4,BMU,BMUQuest,6561,SUCCESSFULLY RECOVERED,1/25/20,10/26/22,2.753424658,O. faveolata,5x2x1,14.6943,30.248,12.13085461,1.211316142,1.230704309,39.5775,34.8883,11.64522457,1.33478905,0.01968956,0.007150935,0.46594048,0.169222164,2.605107307,0.9461335,
FLK,middle,MKI1,24.68554,-81.04336,3.5,FLK_middle_4,BMU,BMUQuest,6562,SUCCESSFULLY RECOVERED,1/25/20,10/26/22,2.753424658,O. faveolata,5x2x1,17.4811,33.032,11.17939568,1.563689174,1.56905381,37.6319,34.7301,10.54247189,1.66246213,0.020204544,0.007337969,0.616719246,0.223982612,0.99802208,0.36246573,
FLK,middle,MKI1,24.68554,-81.04336,3.5,FLK_middle_4,BMU,BMUQuest,6563,SUCCESSFULLY RECOVERED,1/25/20,10/26/22,2.753424658,O. faveolata,5x2x1,12.6911,28.198,11.20444107,1.132684792,1.158412733,31.0142,28.3803,7.306268692,1.252376776,2.840223312,1.031523889,1.057949066,0.384230258,2.29133606,0.832176778,
FLK,middle,MKI1,24.68554,-81.04336,3.5,FLK_middle_4,BMU,BMUQuest,6564,SUCCESSFULLY RECOVERED,1/25/20,10/26/22,2.753424658,O. faveolata,5x2x1,13.9273,29.4522,11.11885071,1.252584495,1.266034996,42.9207,35.3748,10.56709671,1.36074554,0.031182289,0.011324911,0.520571711,0.189063358,3.940984726,1.43130291,
FLK,middle,MKI1,24.68554,-81.04336,3.5,FLK_middle_4,BMU,BMUQuest,6565,SUCCESSFULLY RECOVERED,1/25/20,10/26/22,2.753424658,O. faveolata,5x2x1,15.4235,30.8563,11.90477657,1.295572404,1.311888545,37.8663,32.7617,9.95215416,1.43799586,1.381058693,0.50157853,0.571563717,0.207582842,2.311609268,0.839539684,
FLK,middle,MKI1,24.68554,-81.04336,3.5,FLK_middle_4,BMU,BMUQuest,6566,SUCCESSFULLY RECOVERED,1/25/20,10/26/22,2.753424658,O. faveolata,5x2x1,16.4013,32.116,10.70343876,1.532339313,1.5405748,35.8426,33.7171,9.480789185,1.68013111,0.080174446,0.029118082,1.142475129,0.414928778,1.352485657,0.491201259,
FLK,middle,MKI1,24.68554,-81.04336,3.5,FLK_middle_4,BMU,BMUQuest,6567,SUCCESSFULLY RECOVERED,1/25/20,10/26/22,2.753424658,O. faveolata,5x2x1,17.0348,32.575,11.0482378,1.541856748,1.55061448,40.6117,36.4351,10.50938416,1.64303811,0.017294884,0.006281226,0.521558756,0.189421837,2.321866035,0.843264779,
FLK,middle,MKI1,24.68554,-81.04336,3.5,FLK_middle_4,BMU,BMUQuest,6568,SUCCESSFULLY RECOVERED,1/25/20,10/26/22,2.753424658,O. faveolata,5x2x1,16.4233,32.1726,11.31669903,1.451244745,1.46589537,42.3523,37.4336,10.74332428,1.56139186,0.013209343,0.004797423,0.560165407,0.203443158,3.544343948,1.287249295,
FLK,middle,MKI1,24.68554,-81.04336,3.5,FLK_middle_4,BMU,BMUQuest,6569,SUCCESSFULLY RECOVERED,1/25/20,10/26/22,2.753424658,O. faveolata,5x2x1,13.8725,29.4135,11.70534897,1.185141941,1.213503167,36.314,33.0532,10.75154686,1.34041509,0.11400032,0.041403101,0.83980179,0.30500264,2.085222244,0.757319521,
FLK,middle,MKI1,24.68554,-81.04336,3.5,FLK_middle_4,BMU,BMUQuest,6570,SUCCESSFULLY RECOVERED,1/25/20,10/26/22,2.753424658,O. faveolata,5x2x1,16.7679,32.5424,11.27274513,1.487472644,1.50128989,44.8303,39.1908,10.58681202,1.5853054,0.170854569,0.062051659,0.515078542,0.187068326,4.35959816,1.583336645,
FLK,middle,MKI2,24.68988,-81.0294,5,FLK_middle_1b,BMU,BMUQuest,6571,SUCCESSFULLY RECOVERED,1/25/20,10/26/22,2.753424658,O. faveolata,5x2x1,14.6976,30.3009,11.19273376,1.31313764,1.31952117,28.4913,26.3607,7.187582016,1.42611217,1.502380371,0.545640632,2.502771373,0.908966718,0.142865181,0.051886359,
FLK,middle,MKI2,24.68988,-81.0294,5,FLK_middle_1b,BMU,BMUQuest,6572,SUCCESSFULLY RECOVERED,1/25/20,10/26/22,2.753424658,O. faveolata,5x2x1,14.394,30.0377,11.43125725,1.259179081,1.273977329,30.4442,28.0516,7.455476761,1.43925117,0.605286598,0.219830456,3.370493891,1.224109722,0.970152855,0.352344072,
FLK,middle,MKI2,24.68988,-81.0294,5,FLK_middle_1b,BMU,BMUQuest,6573,SUCCESSFULLY RECOVERED,1/25/20,10/26/22,2.753424658,O. faveolata,5x2x1,18.056,33.8121,11.73385334,1.538795439,1.54213006,36.844,34.7799,10.69384289,1.64982489,0.007141113,0.002593539,1.032869337,0.375121699,0.921014786,0.334497907,
FLK,middle,MKI2,24.68988,-81.0294,5,FLK_middle_1b,BMU,BMUQuest,6574,SUCCESSFULLY RECOVERED,1/25/20,10/26/22,2.753424658,O. faveolata,5x2x1,12.5165,28.0197,10.4528389,1.197425897,1.217012442,32.9462,29.3565,8.690108299,1.31909918,0.337263107,0.122488591,1.425467494,0.5177071,1.633709908,0.593337429,
FLK,middle,MKI2,24.68988,-81.0294,5,FLK_middle_1b,BMU,BMUQuest,6575,SUCCESSFULLY RECOVERED,1/25/20,10/26/22,2.753424658,O. faveolata,5x2x1,15.3706,31.0035,11.51472759,1.334864406,1.35437368,35.5563,31.1403,10.05983734,1.47019635,0.070861816,0.025735884,1.384028434,0.502657093,0.511259079,0.185681158,
FLK,middle,MKI2,24.68988,-81.0294,5,FLK_middle_1b,BMU,BMUQuest,6576,SUCCESSFULLY RECOVERED,1/25/20,10/26/22,2.753424658,O. faveolata,5x2x1,17.842,33.062,10.82939529,1.647552751,1.66427327,36.3422,32.9998,9.418561935,1.75032144,0.009029388,0.00327933,1.401803967,0.509112883,0.687752724,0.24978084,
FLK,middle,MKI2,24.68988,-81.0294,5,FLK_middle_1b,BMU,BMUQuest,6577,SUCCESSFULLY RECOVERED,1/25/20,10/26/22,2.753424658,O. faveolata,5x2x1,16.5843,32.3373,11.49433422,1.442823889,1.46566507,39.9474,35.8565,10.55947495,1.55464064,0.064304352,0.023354317,0.870554918,0.316171687,2.339924812,0.849823439,
FLK,middle,MKI2,24.68988,-81.0294,5,FLK_middle_1b,BMU,BMUQuest,6578,SUCCESSFULLY RECOVERED,1/25/20,10/26/22,2.753424658,O. faveolata,5x2x1,12.8822,28.2102,10.54430866,1.221720685,1.255903924,30.499,27.6164,8.742207527,1.34446732,0.12331295,0.0447853,1.678788183,0.609709141,0.426123619,0.154761314,
FLK,middle,MKI2,24.68988,-81.0294,5,FLK_middle_1b,BMU,BMUQuest,6579,SUCCESSFULLY RECOVERED,1/25/20,10/26/22,2.753424658,O. faveolata,5x2x1,12.7638,28.141,10.96871567,1.163654924,1.195998554,28.2578,25.6267,7.23192215,1.3619634,0.214087486,0.077753167,3.522706034,1.279390749,0.383800507,0.139390234,
FLK,middle,MKI2,24.68988,-81.0294,5,FLK_middle_1b,BMU,BMUQuest,6580,SUCCESSFULLY RECOVERED,1/25/20,10/26/22,2.753424658,O. faveolata,5x2x1,14.2654,29.9519,11.20147133,1.273529127,1.29581644,29.5042,26.5495,7.285531998,1.47607264,0.078989983,0.028687904,3.836949349,1.393518918,0.22489357,0.081677764,
FLK,lower,LKO2,24.55326,-81.43753,7,FLK_lower_7,BMU,BMUQuest,6581,Not Recovered,3/6/20,not recovered,NA,O. faveolata,5x2x1,15.616,31.0796,11.22149563,1.391614854,1.40917794,NA,NA,NA,NA,NA,NA,NA,NA,NA,NA,
FLK,lower,LKO2,24.55326,-81.43753,7,FLK_lower_7,BMU,BMUQuest,6582,SUCCESSFULLY RECOVERED,3/6/20,10/18/22,2.619178082,O. faveolata,5x2x1,13.7698,29.5179,10.79293442,1.275816146,1.292454018,35.0643,31.1202,10.2987299,1.39279274,0.112318039,0.042882933,0.381886481,0.145803939,0.878090859,0.335254355,
FLK,lower,LKO2,24.55326,-81.43753,7,FLK_lower_7,BMU,BMUQuest,6583,SUCCESSFULLY RECOVERED,3/6/20,10/18/22,2.619178082,O. faveolata,5x2x1,15.959,31.3595,11.17760181,1.427766016,1.44538138,36.5869,33.8678,10.40147781,1.55855491,0.078929901,0.03013537,0.697194099,0.266188124,1.562367439,0.596510581,
FLK,lower,LKO2,24.55326,-81.43753,7,FLK_lower_7,BMU,BMUQuest,6584,SUCCESSFULLY RECOVERED,3/6/20,10/18/22,2.619178082,O. faveolata,5x2x1,17.6005,33.2187,11.51868439,1.527995681,1.53705436,43.1657,39.0112,10.74501514,1.639621,0.007793427,0.002975524,0.765875823,0.292410749,3.180293083,1.214233238,
FLK,lower,LKO2,24.55326,-81.43753,7,FLK_lower_7,BMU,BMUQuest,6585,SUCCESSFULLY RECOVERED,3/6/20,10/18/22,2.619178082,O. faveolata,5x2x1,17.0796,32.4452,11.22368431,1.521746294,1.53840956,37.3679,34.02,10.22680378,0.629658763,0.006840706,0.002611776,0.990039824,0.377996376,1.096658707,0.418703377,
FLK,lower,LKO2,24.55326,-81.43753,7,FLK_lower_7,BMU,BMUQuest,6586,SUCCESSFULLY RECOVERED,3/6/20,10/18/22,2.619178082,O. faveolata,5x2x1,17.4607,32.8848,10.91586113,1.599571467,1.60216059,39.5526,35.3263,10.38075829,1.687375427,0.055017471,0.021005625,0.480085369,0.183296192,1.465301514,0.559450892,
FLK,lower,LKO2,24.55326,-81.43753,7,FLK_lower_7,BMU,BMUQuest,6587,SUCCESSFULLY RECOVERED,3/6/20,10/18/22,2.619178082,O. faveolata,5x2x1,16.3051,31.6982,11.62308025,1.402820909,1.40355141,34.4606,32.1644,11.14526081,1.4766844,0.072432518,0.027654675,0.405386922,0.154776388,0.522279739,0.199405967,
FLK,lower,LKO2,24.55326,-81.43753,7,FLK_lower_7,BMU,BMUQuest,6588,SUCCESSFULLY RECOVERED,3/6/20,10/18/22,2.619178082,O. faveolata,5x2x1,16.7802,31.9726,11.35763168,1.477438296,1.49665148,36.716,36.4284,10.63478279,1.604129858,0.033456802,0.012773779,0.689392088,0.263209322,2.531044006,0.966350483,
FLK,lower,LKO2,24.55326,-81.43753,7,FLK_lower_7,BMU,BMUQuest,6589,SUCCESSFULLY RECOVERED,3/6/20,10/18/22,2.619178082,O. faveolata,5x2x1,9.4018,24.6287,10.27412224,0.915095205,0.936942673,23.7198,20.8374,3.862192154,1.186592206,0.375715256,0.14344777,6.03621483,2.304621771,0.874803543,0.333999261,
FLK,lower,LKO2,24.55326,-81.43753,7,FLK_lower_7,BMU,BMUQuest,6590,SUCCESSFULLY RECOVERED,3/6/20,10/18/22,2.619178082,O. faveolata,5x2x1,17.4402,32.9819,11.76607418,1.482244607,1.49901083,41.7506,35.8879,11.0466671,1.601590479,0.032032013,0.012229796,0.687375067,0.262439225,2.203694344,0.841368656,